,Modulus of elasticity - inner (GPa),Modulus of elasticity - Outer (GPa),Axial load (kN),Friction Coefficient,Total number of snaking,Global snaking length (m),Maximum snaking amplitude (m),Image file name
0,0.1,0.07,6,0.01,8,17.33,0.794297,Snaking_E1_0_E2_0_Fric_0_load_0.tif
1,0.1,0.07,8,0.01,7,31.82,1.7993,Snaking_E1_0_E2_0_Fric_0_load_1.tif
2,0.1,0.07,10,0.01,11,33.88,2.26721,Snaking_E1_0_E2_0_Fric_0_load_2.tif
3,0.1,0.07,12,0.01,10,40.09,4.420730000000001,Snaking_E1_0_E2_0_Fric_0_load_3.tif
4,0.1,0.07,14,0.01,12,42.01,2.53574,Snaking_E1_0_E2_0_Fric_0_load_4.tif
5,0.1,0.07,6,5.0,7,14.87,1.55118,Snaking_E1_0_E2_0_Fric_1_load_0.tif
6,0.1,0.07,8,5.0,13,31.36,1.7744099999999998,Snaking_E1_0_E2_0_Fric_1_load_1.tif
7,0.1,0.07,10,5.0,10,34.87,2.90338,Snaking_E1_0_E2_0_Fric_1_load_2.tif
8,0.1,0.07,12,5.0,9,39.86,2.56268,Snaking_E1_0_E2_0_Fric_1_load_3.tif
9,0.1,0.07,14,5.0,8,42.86,3.87805,Snaking_E1_0_E2_0_Fric_1_load_4.tif
10,0.1,0.07,6,10.0,8,18.76,0.969158,Snaking_E1_0_E2_0_Fric_2_load_0.tif
11,0.1,0.07,8,10.0,10,30.44,1.7145299999999999,Snaking_E1_0_E2_0_Fric_2_load_1.tif
12,0.1,0.07,10,10.0,9,33.4,4.12783,Snaking_E1_0_E2_0_Fric_2_load_2.tif
13,0.1,0.07,12,10.0,10,37.18,3.7063599999999997,Snaking_E1_0_E2_0_Fric_2_load_3.tif
14,0.1,0.07,14,10.0,10,43.0,4.05813,Snaking_E1_0_E2_0_Fric_2_load_4.tif
15,0.1,0.07,6,15.0,9,18.81,0.9117559999999999,Snaking_E1_0_E2_0_Fric_3_load_0.tif
16,0.1,0.07,8,15.0,7,26.16,2.12521,Snaking_E1_0_E2_0_Fric_3_load_1.tif
17,0.1,0.07,10,15.0,9,37.18,2.85054,Snaking_E1_0_E2_0_Fric_3_load_2.tif
18,0.1,0.07,12,15.0,8,34.77,4.514130000000001,Snaking_E1_0_E2_0_Fric_3_load_3.tif
19,0.1,0.07,14,15.0,10,41.74,5.89991,Snaking_E1_0_E2_0_Fric_3_load_4.tif
20,0.1,0.07,6,20.0,9,19.78,0.874445,Snaking_E1_0_E2_0_Fric_4_load_0.tif
21,0.1,0.07,8,20.0,8,26.22,2.0550900000000003,Snaking_E1_0_E2_0_Fric_4_load_1.tif
22,0.1,0.07,10,20.0,9,35.51,3.26554,Snaking_E1_0_E2_0_Fric_4_load_2.tif
23,0.1,0.07,12,20.0,9,39.83,2.67777,Snaking_E1_0_E2_0_Fric_4_load_3.tif
24,0.1,0.07,14,20.0,12,44.76,4.79973,Snaking_E1_0_E2_0_Fric_4_load_4.tif
25,0.1,0.07,6,25.0,7,14.88,1.46825,Snaking_E1_0_E2_0_Fric_5_load_0.tif
26,0.1,0.07,8,25.0,9,31.73,2.11175,Snaking_E1_0_E2_0_Fric_5_load_1.tif
27,0.1,0.07,10,25.0,10,36.3,3.45105,Snaking_E1_0_E2_0_Fric_5_load_2.tif
28,0.1,0.07,12,25.0,11,39.94,2.4647200000000002,Snaking_E1_0_E2_0_Fric_5_load_3.tif
29,0.1,0.07,14,25.0,7,39.81,6.023280000000001,Snaking_E1_0_E2_0_Fric_5_load_4.tif
30,0.1,0.07,6,30.0,7,14.82,1.07932,Snaking_E1_0_E2_0_Fric_6_load_0.tif
31,0.1,0.07,8,30.0,9,27.46,2.59611,Snaking_E1_0_E2_0_Fric_6_load_1.tif
32,0.1,0.07,10,30.0,9,37.13,1.99154,Snaking_E1_0_E2_0_Fric_6_load_2.tif
33,0.1,0.07,12,30.0,9,38.17,3.84714,Snaking_E1_0_E2_0_Fric_6_load_3.tif
34,0.1,0.07,14,30.0,11,45.23,1.9911400000000001,Snaking_E1_0_E2_0_Fric_6_load_4.tif
35,0.1,0.07,6,35.0,7,14.39,1.39168,Snaking_E1_0_E2_0_Fric_7_load_0.tif
36,0.1,0.07,8,35.0,12,31.96,2.37668,Snaking_E1_0_E2_0_Fric_7_load_1.tif
37,0.1,0.07,10,35.0,9,35.04,1.6432,Snaking_E1_0_E2_0_Fric_7_load_2.tif
38,0.1,0.07,12,35.0,13,39.41,1.65566,Snaking_E1_0_E2_0_Fric_7_load_3.tif
39,0.1,0.07,14,35.0,9,44.47,3.60543,Snaking_E1_0_E2_0_Fric_7_load_4.tif
40,0.1,0.07,6,40.0,9,19.81,0.8962680000000001,Snaking_E1_0_E2_0_Fric_8_load_0.tif
41,0.1,0.07,8,40.0,10,30.83,1.87697,Snaking_E1_0_E2_0_Fric_8_load_1.tif
42,0.1,0.07,10,40.0,12,36.33,2.13852,Snaking_E1_0_E2_0_Fric_8_load_2.tif
43,0.1,0.07,12,40.0,8,40.88,2.71735,Snaking_E1_0_E2_0_Fric_8_load_3.tif
44,0.1,0.07,14,40.0,8,43.6,2.75083,Snaking_E1_0_E2_0_Fric_8_load_4.tif
45,0.1,0.07,6,45.0,8,18.35,1.60057,Snaking_E1_0_E2_0_Fric_9_load_0.tif
46,0.1,0.07,8,45.0,7,30.81,1.8584900000000002,Snaking_E1_0_E2_0_Fric_9_load_1.tif
47,0.1,0.07,10,45.0,10,31.37,2.51309,Snaking_E1_0_E2_0_Fric_9_load_2.tif
48,0.1,0.07,12,45.0,10,37.65,4.58378,Snaking_E1_0_E2_0_Fric_9_load_3.tif
49,0.1,0.07,14,45.0,8,43.59,4.0319,Snaking_E1_0_E2_0_Fric_9_load_4.tif
50,0.1,0.08,6,0.01,7,15.39,1.5279,Snaking_E1_0_E2_1_Fric_0_load_0.tif
51,0.1,0.08,8,0.01,11,30.46,1.44665,Snaking_E1_0_E2_1_Fric_0_load_1.tif
52,0.1,0.08,10,0.01,10,34.38,3.81965,Snaking_E1_0_E2_1_Fric_0_load_2.tif
53,0.1,0.08,12,0.01,9,35.93,2.29383,Snaking_E1_0_E2_1_Fric_0_load_3.tif
54,0.1,0.08,14,0.01,13,43.1,2.95399,Snaking_E1_0_E2_1_Fric_0_load_4.tif
55,0.1,0.08,6,5.0,7,14.37,1.2827899999999999,Snaking_E1_0_E2_1_Fric_1_load_0.tif
56,0.1,0.08,8,5.0,8,26.08,1.97337,Snaking_E1_0_E2_1_Fric_1_load_1.tif
57,0.1,0.08,10,5.0,12,36.33,2.2376,Snaking_E1_0_E2_1_Fric_1_load_2.tif
58,0.1,0.08,12,5.0,11,40.71,1.9010200000000002,Snaking_E1_0_E2_1_Fric_1_load_3.tif
59,0.1,0.08,14,5.0,10,45.24,3.4888,Snaking_E1_0_E2_1_Fric_1_load_4.tif
60,0.1,0.08,6,10.0,7,14.88,1.4766700000000001,Snaking_E1_0_E2_1_Fric_2_load_0.tif
61,0.1,0.08,8,10.0,10,30.59,1.81608,Snaking_E1_0_E2_1_Fric_2_load_1.tif
62,0.1,0.08,10,10.0,12,36.43,2.10422,Snaking_E1_0_E2_1_Fric_2_load_2.tif
63,0.1,0.08,12,10.0,10,37.19,2.74042,Snaking_E1_0_E2_1_Fric_2_load_3.tif
64,0.1,0.08,14,10.0,8,43.48,2.6994599999999997,Snaking_E1_0_E2_1_Fric_2_load_4.tif
65,0.1,0.08,6,15.0,6,12.37,1.32445,Snaking_E1_0_E2_1_Fric_3_load_0.tif
66,0.1,0.08,8,15.0,9,26.59,2.2632,Snaking_E1_0_E2_1_Fric_3_load_1.tif
67,0.1,0.08,10,15.0,11,34.91,2.26512,Snaking_E1_0_E2_1_Fric_3_load_2.tif
68,0.1,0.08,12,15.0,9,40.75,2.4085900000000002,Snaking_E1_0_E2_1_Fric_3_load_3.tif
69,0.1,0.08,14,15.0,10,42.98,4.01736,Snaking_E1_0_E2_1_Fric_3_load_4.tif
70,0.1,0.08,6,20.0,8,16.78,0.689971,Snaking_E1_0_E2_1_Fric_4_load_0.tif
71,0.1,0.08,8,20.0,8,28.72,1.7879099999999999,Snaking_E1_0_E2_1_Fric_4_load_1.tif
72,0.1,0.08,10,20.0,8,36.48,3.47594,Snaking_E1_0_E2_1_Fric_4_load_2.tif
73,0.1,0.08,12,20.0,10,36.91,1.70396,Snaking_E1_0_E2_1_Fric_4_load_3.tif
74,0.1,0.08,14,20.0,11,43.95,6.0216199999999995,Snaking_E1_0_E2_1_Fric_4_load_4.tif
75,0.1,0.08,6,25.0,7,14.35,1.19013,Snaking_E1_0_E2_1_Fric_5_load_0.tif
76,0.1,0.08,8,25.0,9,28.68,1.77564,Snaking_E1_0_E2_1_Fric_5_load_1.tif
77,0.1,0.08,10,25.0,8,34.93,2.72667,Snaking_E1_0_E2_1_Fric_5_load_2.tif
78,0.1,0.08,12,25.0,10,39.16,2.87465,Snaking_E1_0_E2_1_Fric_5_load_3.tif
79,0.1,0.08,14,25.0,9,46.15,5.3526,Snaking_E1_0_E2_1_Fric_5_load_4.tif
80,0.1,0.08,6,30.0,7,14.85,1.10648,Snaking_E1_0_E2_1_Fric_6_load_0.tif
81,0.1,0.08,8,30.0,8,32.75,2.20988,Snaking_E1_0_E2_1_Fric_6_load_1.tif
82,0.1,0.08,10,30.0,9,35.94,2.88278,Snaking_E1_0_E2_1_Fric_6_load_2.tif
83,0.1,0.08,12,30.0,11,40.26,3.28009,Snaking_E1_0_E2_1_Fric_6_load_3.tif
84,0.1,0.08,14,30.0,10,43.95,2.8937,Snaking_E1_0_E2_1_Fric_6_load_4.tif
85,0.1,0.08,6,35.0,7,14.32,1.06186,Snaking_E1_0_E2_1_Fric_7_load_0.tif
86,0.1,0.08,8,35.0,9,29.68,1.88463,Snaking_E1_0_E2_1_Fric_7_load_1.tif
87,0.1,0.08,10,35.0,8,35.29,3.3363300000000002,Snaking_E1_0_E2_1_Fric_7_load_2.tif
88,0.1,0.08,12,35.0,11,40.87,2.3023,Snaking_E1_0_E2_1_Fric_7_load_3.tif
89,0.1,0.08,14,35.0,8,43.59,3.05252,Snaking_E1_0_E2_1_Fric_7_load_4.tif
90,0.1,0.08,6,40.0,6,11.9,1.03118,Snaking_E1_0_E2_1_Fric_8_load_0.tif
91,0.1,0.08,8,40.0,7,27.53,2.20153,Snaking_E1_0_E2_1_Fric_8_load_1.tif
92,0.1,0.08,10,40.0,9,37.58,2.78537,Snaking_E1_0_E2_1_Fric_8_load_2.tif
93,0.1,0.08,12,40.0,9,40.6,2.2135700000000003,Snaking_E1_0_E2_1_Fric_8_load_3.tif
94,0.1,0.08,14,40.0,10,45.82,1.5204,Snaking_E1_0_E2_1_Fric_8_load_4.tif
95,0.1,0.08,6,45.0,7,14.87,1.53505,Snaking_E1_0_E2_1_Fric_9_load_0.tif
96,0.1,0.08,8,45.0,9,28.56,2.22217,Snaking_E1_0_E2_1_Fric_9_load_1.tif
97,0.1,0.08,10,45.0,9,32.85,2.49986,Snaking_E1_0_E2_1_Fric_9_load_2.tif
98,0.1,0.08,12,45.0,9,41.72,3.5253400000000004,Snaking_E1_0_E2_1_Fric_9_load_3.tif
99,0.1,0.08,14,45.0,10,46.64,4.80796,Snaking_E1_0_E2_1_Fric_9_load_4.tif
100,0.1,0.09,6,0.01,6,11.88,1.0079200000000001,Snaking_E1_0_E2_2_Fric_0_load_0.tif
101,0.1,0.09,8,0.01,8,32.77,2.2652400000000004,Snaking_E1_0_E2_2_Fric_0_load_1.tif
102,0.1,0.09,10,0.01,8,32.02,2.21735,Snaking_E1_0_E2_2_Fric_0_load_2.tif
103,0.1,0.09,12,0.01,8,40.48,2.4716099999999996,Snaking_E1_0_E2_2_Fric_0_load_3.tif
104,0.1,0.09,14,0.01,9,43.94,3.3075699999999997,Snaking_E1_0_E2_2_Fric_0_load_4.tif
105,0.1,0.09,6,5.0,6,12.85,1.20058,Snaking_E1_0_E2_2_Fric_1_load_0.tif
106,0.1,0.09,8,5.0,8,27.54,1.8557099999999997,Snaking_E1_0_E2_2_Fric_1_load_1.tif
107,0.1,0.09,10,5.0,9,35.46,2.9188400000000003,Snaking_E1_0_E2_2_Fric_1_load_2.tif
108,0.1,0.09,12,5.0,11,41.52,3.85066,Snaking_E1_0_E2_2_Fric_1_load_3.tif
109,0.1,0.09,14,5.0,12,44.27,4.04835,Snaking_E1_0_E2_2_Fric_1_load_4.tif
110,0.1,0.09,6,10.0,7,14.86,1.40639,Snaking_E1_0_E2_2_Fric_2_load_0.tif
111,0.1,0.09,8,10.0,7,25.79,1.93754,Snaking_E1_0_E2_2_Fric_2_load_1.tif
112,0.1,0.09,10,10.0,10,36.88,2.23081,Snaking_E1_0_E2_2_Fric_2_load_2.tif
113,0.1,0.09,12,10.0,10,39.74,3.0451799999999998,Snaking_E1_0_E2_2_Fric_2_load_3.tif
114,0.1,0.09,14,10.0,9,43.61,2.50044,Snaking_E1_0_E2_2_Fric_2_load_4.tif
115,0.1,0.09,6,15.0,7,15.34,1.10822,Snaking_E1_0_E2_2_Fric_3_load_0.tif
116,0.1,0.09,8,15.0,9,28.55,1.63893,Snaking_E1_0_E2_2_Fric_3_load_1.tif
117,0.1,0.09,10,15.0,9,36.01,2.37413,Snaking_E1_0_E2_2_Fric_3_load_2.tif
118,0.1,0.09,12,15.0,10,42.28,3.44761,Snaking_E1_0_E2_2_Fric_3_load_3.tif
119,0.1,0.09,14,15.0,12,44.27,4.67206,Snaking_E1_0_E2_2_Fric_3_load_4.tif
120,0.1,0.09,6,20.0,7,13.75,0.596089,Snaking_E1_0_E2_2_Fric_4_load_0.tif
121,0.1,0.09,8,20.0,10,28.53,1.7780799999999999,Snaking_E1_0_E2_2_Fric_4_load_1.tif
122,0.1,0.09,10,20.0,10,33.91,2.32953,Snaking_E1_0_E2_2_Fric_4_load_2.tif
123,0.1,0.09,12,20.0,8,41.41,2.43452,Snaking_E1_0_E2_2_Fric_4_load_3.tif
124,0.1,0.09,14,20.0,10,43.53,2.94644,Snaking_E1_0_E2_2_Fric_4_load_4.tif
125,0.1,0.09,6,25.0,6,12.86,1.2201899999999999,Snaking_E1_0_E2_2_Fric_5_load_0.tif
126,0.1,0.09,8,25.0,7,24.97,2.12931,Snaking_E1_0_E2_2_Fric_5_load_1.tif
127,0.1,0.09,10,25.0,11,35.84,4.23051,Snaking_E1_0_E2_2_Fric_5_load_2.tif
128,0.1,0.09,12,25.0,9,37.75,3.62813,Snaking_E1_0_E2_2_Fric_5_load_3.tif
129,0.1,0.09,14,25.0,9,44.51,3.4157599999999997,Snaking_E1_0_E2_2_Fric_5_load_4.tif
130,0.1,0.09,6,30.0,6,11.85,0.9176219999999999,Snaking_E1_0_E2_2_Fric_6_load_0.tif
131,0.1,0.09,8,30.0,7,30.24,2.1004,Snaking_E1_0_E2_2_Fric_6_load_1.tif
132,0.1,0.09,10,30.0,10,33.41,2.82545,Snaking_E1_0_E2_2_Fric_6_load_2.tif
133,0.1,0.09,12,30.0,12,41.07,1.8424599999999998,Snaking_E1_0_E2_2_Fric_6_load_3.tif
134,0.1,0.09,14,30.0,10,44.61,3.6249300000000004,Snaking_E1_0_E2_2_Fric_6_load_4.tif
135,0.1,0.09,6,35.0,7,14.81,0.8462360000000001,Snaking_E1_0_E2_2_Fric_7_load_0.tif
136,0.1,0.09,8,35.0,9,32.75,1.71816,Snaking_E1_0_E2_2_Fric_7_load_1.tif
137,0.1,0.09,10,35.0,11,35.13,1.84595,Snaking_E1_0_E2_2_Fric_7_load_2.tif
138,0.1,0.09,12,35.0,9,40.17,3.59289,Snaking_E1_0_E2_2_Fric_7_load_3.tif
139,0.1,0.09,14,35.0,10,43.96,2.23378,Snaking_E1_0_E2_2_Fric_7_load_4.tif
140,0.1,0.09,6,40.0,7,15.83,0.885338,Snaking_E1_0_E2_2_Fric_8_load_0.tif
141,0.1,0.09,8,40.0,10,29.48,1.4621899999999999,Snaking_E1_0_E2_2_Fric_8_load_1.tif
142,0.1,0.09,10,40.0,11,35.28,3.1656,Snaking_E1_0_E2_2_Fric_8_load_2.tif
143,0.1,0.09,12,40.0,9,37.05,3.67958,Snaking_E1_0_E2_2_Fric_8_load_3.tif
144,0.1,0.09,14,40.0,9,43.4,5.5406699999999995,Snaking_E1_0_E2_2_Fric_8_load_4.tif
145,0.1,0.09,6,45.0,8,18.23,0.721476,Snaking_E1_0_E2_2_Fric_9_load_0.tif
146,0.1,0.09,8,45.0,7,24.57,1.97439,Snaking_E1_0_E2_2_Fric_9_load_1.tif
147,0.1,0.09,10,45.0,9,34.78,2.4866599999999996,Snaking_E1_0_E2_2_Fric_9_load_2.tif
148,0.1,0.09,12,45.0,9,39.72,2.3820099999999997,Snaking_E1_0_E2_2_Fric_9_load_3.tif
149,0.1,0.09,14,45.0,8,45.0,4.996519999999999,Snaking_E1_0_E2_2_Fric_9_load_4.tif
150,0.1,0.1,6,0.01,6,12.86,1.02778,Snaking_E1_0_E2_3_Fric_0_load_0.tif
151,0.1,0.1,8,0.01,10,27.5,1.7775900000000002,Snaking_E1_0_E2_3_Fric_0_load_1.tif
152,0.1,0.1,10,0.01,9,35.38,2.06334,Snaking_E1_0_E2_3_Fric_0_load_2.tif
153,0.1,0.1,12,0.01,10,42.12,3.0232200000000002,Snaking_E1_0_E2_3_Fric_0_load_3.tif
154,0.1,0.1,14,0.01,10,44.98,2.99545,Snaking_E1_0_E2_3_Fric_0_load_4.tif
155,0.1,0.1,6,5.0,6,12.38,0.998201,Snaking_E1_0_E2_3_Fric_1_load_0.tif
156,0.1,0.1,8,5.0,9,28.56,1.87015,Snaking_E1_0_E2_3_Fric_1_load_1.tif
157,0.1,0.1,10,5.0,9,34.41,3.87091,Snaking_E1_0_E2_3_Fric_1_load_2.tif
158,0.1,0.1,12,5.0,14,42.12,2.2751799999999998,Snaking_E1_0_E2_3_Fric_1_load_3.tif
159,0.1,0.1,14,5.0,10,43.55,3.31914,Snaking_E1_0_E2_3_Fric_1_load_4.tif
160,0.1,0.1,6,10.0,6,12.85,1.1165200000000002,Snaking_E1_0_E2_3_Fric_2_load_0.tif
161,0.1,0.1,8,10.0,10,28.55,1.93019,Snaking_E1_0_E2_3_Fric_2_load_1.tif
162,0.1,0.1,10,10.0,8,33.87,3.9476199999999997,Snaking_E1_0_E2_3_Fric_2_load_2.tif
163,0.1,0.1,12,10.0,8,40.62,2.22375,Snaking_E1_0_E2_3_Fric_2_load_3.tif
164,0.1,0.1,14,10.0,9,45.07,5.31559,Snaking_E1_0_E2_3_Fric_2_load_4.tif
165,0.1,0.1,6,15.0,7,14.35,0.782836,Snaking_E1_0_E2_3_Fric_3_load_0.tif
166,0.1,0.1,8,15.0,9,31.34,2.84578,Snaking_E1_0_E2_3_Fric_3_load_1.tif
167,0.1,0.1,10,15.0,11,29.69,1.7906799999999998,Snaking_E1_0_E2_3_Fric_3_load_2.tif
168,0.1,0.1,12,15.0,9,39.82,4.96052,Snaking_E1_0_E2_3_Fric_3_load_3.tif
169,0.1,0.1,14,15.0,8,42.71,6.3663099999999995,Snaking_E1_0_E2_3_Fric_3_load_4.tif
170,0.1,0.1,6,20.0,6,11.88,0.733676,Snaking_E1_0_E2_3_Fric_4_load_0.tif
171,0.1,0.1,8,20.0,9,27.4,1.8513700000000002,Snaking_E1_0_E2_3_Fric_4_load_1.tif
172,0.1,0.1,10,20.0,8,36.01,2.3025900000000004,Snaking_E1_0_E2_3_Fric_4_load_2.tif
173,0.1,0.1,12,20.0,7,41.37,2.0832200000000003,Snaking_E1_0_E2_3_Fric_4_load_3.tif
174,0.1,0.1,14,20.0,12,44.7,3.7099599999999997,Snaking_E1_0_E2_3_Fric_4_load_4.tif
175,0.1,0.1,6,25.0,7,14.32,0.670636,Snaking_E1_0_E2_3_Fric_5_load_0.tif
176,0.1,0.1,8,25.0,9,33.21,1.847,Snaking_E1_0_E2_3_Fric_5_load_1.tif
177,0.1,0.1,10,25.0,10,35.96,1.94425,Snaking_E1_0_E2_3_Fric_5_load_2.tif
178,0.1,0.1,12,25.0,10,41.81,2.6918,Snaking_E1_0_E2_3_Fric_5_load_3.tif
179,0.1,0.1,14,25.0,8,46.5,3.17519,Snaking_E1_0_E2_3_Fric_5_load_4.tif
180,0.1,0.1,6,30.0,6,12.35,0.7921739999999999,Snaking_E1_0_E2_3_Fric_6_load_0.tif
181,0.1,0.1,8,30.0,9,29.16,1.63216,Snaking_E1_0_E2_3_Fric_6_load_1.tif
182,0.1,0.1,10,30.0,10,35.42,1.94347,Snaking_E1_0_E2_3_Fric_6_load_2.tif
183,0.1,0.1,12,30.0,11,38.09,2.91121,Snaking_E1_0_E2_3_Fric_6_load_3.tif
184,0.1,0.1,14,30.0,8,45.59,3.84839,Snaking_E1_0_E2_3_Fric_6_load_4.tif
185,0.1,0.1,6,35.0,6,12.86,1.2814,Snaking_E1_0_E2_3_Fric_7_load_0.tif
186,0.1,0.1,8,35.0,9,32.13,2.29029,Snaking_E1_0_E2_3_Fric_7_load_1.tif
187,0.1,0.1,10,35.0,8,34.46,2.29402,Snaking_E1_0_E2_3_Fric_7_load_2.tif
188,0.1,0.1,12,35.0,6,42.22,5.24838,Snaking_E1_0_E2_3_Fric_7_load_3.tif
189,0.1,0.1,14,35.0,11,43.37,2.99304,Snaking_E1_0_E2_3_Fric_7_load_4.tif
190,0.1,0.1,6,40.0,6,13.33,1.2533100000000001,Snaking_E1_0_E2_3_Fric_8_load_0.tif
191,0.1,0.1,8,40.0,8,33.22,2.0345,Snaking_E1_0_E2_3_Fric_8_load_1.tif
192,0.1,0.1,10,40.0,8,35.47,2.40971,Snaking_E1_0_E2_3_Fric_8_load_2.tif
193,0.1,0.1,12,40.0,13,40.85,2.5447900000000003,Snaking_E1_0_E2_3_Fric_8_load_3.tif
194,0.1,0.1,14,40.0,9,43.9,5.63954,Snaking_E1_0_E2_3_Fric_8_load_4.tif
195,0.1,0.1,6,45.0,7,14.77,0.627533,Snaking_E1_0_E2_3_Fric_9_load_0.tif
196,0.1,0.1,8,45.0,10,29.91,1.6859400000000002,Snaking_E1_0_E2_3_Fric_9_load_1.tif
197,0.1,0.1,10,45.0,9,32.36,3.80806,Snaking_E1_0_E2_3_Fric_9_load_2.tif
198,0.1,0.1,12,45.0,9,41.32,2.4028400000000003,Snaking_E1_0_E2_3_Fric_9_load_3.tif
199,0.1,0.1,14,45.0,8,46.03,4.32605,Snaking_E1_0_E2_3_Fric_9_load_4.tif
200,0.1,0.15,6,0.01,5,9.36,0.44138599999999995,Snaking_E1_0_E2_4_Fric_0_load_0.tif
201,0.1,0.15,8,0.01,10,26.4,1.39611,Snaking_E1_0_E2_4_Fric_0_load_1.tif
202,0.1,0.15,10,0.01,9,34.28,3.23679,Snaking_E1_0_E2_4_Fric_0_load_2.tif
203,0.1,0.15,12,0.01,6,38.12,2.75739,Snaking_E1_0_E2_4_Fric_0_load_3.tif
204,0.1,0.15,14,0.01,10,47.45,2.83355,Snaking_E1_0_E2_4_Fric_0_load_4.tif
205,0.1,0.15,6,5.0,5,9.35,0.373068,Snaking_E1_0_E2_4_Fric_1_load_0.tif
206,0.1,0.15,8,5.0,10,26.4,1.39365,Snaking_E1_0_E2_4_Fric_1_load_1.tif
207,0.1,0.15,10,5.0,7,37.84,2.57575,Snaking_E1_0_E2_4_Fric_1_load_2.tif
208,0.1,0.15,12,5.0,6,42.13,2.41046,Snaking_E1_0_E2_4_Fric_1_load_3.tif
209,0.1,0.15,14,5.0,8,42.51,3.35796,Snaking_E1_0_E2_4_Fric_1_load_4.tif
210,0.1,0.15,6,10.0,4,6.87,0.40165700000000004,Snaking_E1_0_E2_4_Fric_2_load_0.tif
211,0.1,0.15,8,10.0,10,29.01,1.72186,Snaking_E1_0_E2_4_Fric_2_load_1.tif
212,0.1,0.15,10,10.0,7,37.84,2.30037,Snaking_E1_0_E2_4_Fric_2_load_2.tif
213,0.1,0.15,12,10.0,11,40.16,2.49463,Snaking_E1_0_E2_4_Fric_2_load_3.tif
214,0.1,0.15,14,10.0,11,42.61,3.17233,Snaking_E1_0_E2_4_Fric_2_load_4.tif
215,0.1,0.15,6,15.0,4,6.9,0.41036000000000006,Snaking_E1_0_E2_4_Fric_3_load_0.tif
216,0.1,0.15,8,15.0,10,29.97,2.08608,Snaking_E1_0_E2_4_Fric_3_load_1.tif
217,0.1,0.15,10,15.0,6,33.45,2.6418,Snaking_E1_0_E2_4_Fric_3_load_2.tif
218,0.1,0.15,12,15.0,7,41.69,2.44144,Snaking_E1_0_E2_4_Fric_3_load_3.tif
219,0.1,0.15,14,15.0,10,42.82,4.01082,Snaking_E1_0_E2_4_Fric_3_load_4.tif
220,0.1,0.15,6,20.0,5,9.9,0.44087299999999996,Snaking_E1_0_E2_4_Fric_4_load_0.tif
221,0.1,0.15,8,20.0,8,31.09,2.2395,Snaking_E1_0_E2_4_Fric_4_load_1.tif
222,0.1,0.15,10,20.0,9,35.37,2.54643,Snaking_E1_0_E2_4_Fric_4_load_2.tif
223,0.1,0.15,12,20.0,5,23.52,2.65319,Snaking_E1_0_E2_4_Fric_4_load_3.tif
224,0.1,0.15,14,20.0,8,35.41,2.8683400000000003,Snaking_E1_0_E2_4_Fric_4_load_4.tif
225,0.1,0.15,6,25.0,5,8.85,0.39148299999999997,Snaking_E1_0_E2_4_Fric_5_load_0.tif
226,0.1,0.15,8,25.0,9,26.9,1.64935,Snaking_E1_0_E2_4_Fric_5_load_1.tif
227,0.1,0.15,10,25.0,10,34.38,2.44619,Snaking_E1_0_E2_4_Fric_5_load_2.tif
228,0.1,0.15,12,25.0,7,41.65,2.6692099999999996,Snaking_E1_0_E2_4_Fric_5_load_3.tif
229,0.1,0.15,14,25.0,8,48.34,3.9713300000000005,Snaking_E1_0_E2_4_Fric_5_load_4.tif
230,0.1,0.15,6,30.0,4,6.88,0.397441,Snaking_E1_0_E2_4_Fric_6_load_0.tif
231,0.1,0.15,8,30.0,10,29.49,1.33857,Snaking_E1_0_E2_4_Fric_6_load_1.tif
232,0.1,0.15,10,30.0,9,34.82,2.8967099999999997,Snaking_E1_0_E2_4_Fric_6_load_2.tif
233,0.1,0.15,12,30.0,6,42.04,3.35468,Snaking_E1_0_E2_4_Fric_6_load_3.tif
234,0.1,0.15,14,30.0,8,43.75,4.5122800000000005,Snaking_E1_0_E2_4_Fric_6_load_4.tif
235,0.1,0.15,6,35.0,5,9.35,0.394781,Snaking_E1_0_E2_4_Fric_7_load_0.tif
236,0.1,0.15,8,35.0,9,25.97,1.27193,Snaking_E1_0_E2_4_Fric_7_load_1.tif
237,0.1,0.15,10,35.0,8,37.84,2.2347200000000003,Snaking_E1_0_E2_4_Fric_7_load_2.tif
238,0.1,0.15,12,35.0,8,42.13,2.38309,Snaking_E1_0_E2_4_Fric_7_load_3.tif
239,0.1,0.15,14,35.0,9,44.55,6.05167,Snaking_E1_0_E2_4_Fric_7_load_4.tif
240,0.1,0.15,6,40.0,5,9.89,0.545646,Snaking_E1_0_E2_4_Fric_8_load_0.tif
241,0.1,0.15,8,40.0,8,31.1,2.26965,Snaking_E1_0_E2_4_Fric_8_load_1.tif
242,0.1,0.15,10,40.0,8,36.36,2.64515,Snaking_E1_0_E2_4_Fric_8_load_2.tif
243,0.1,0.15,12,40.0,7,37.09,2.71245,Snaking_E1_0_E2_4_Fric_8_load_3.tif
244,0.1,0.15,14,40.0,7,42.82,3.3866400000000003,Snaking_E1_0_E2_4_Fric_8_load_4.tif
245,0.1,0.15,6,45.0,5,8.81,0.383619,Snaking_E1_0_E2_4_Fric_9_load_0.tif
246,0.1,0.15,8,45.0,8,22.92,1.9760900000000001,Snaking_E1_0_E2_4_Fric_9_load_1.tif
247,0.1,0.15,10,45.0,8,37.35,2.07573,Snaking_E1_0_E2_4_Fric_9_load_2.tif
248,0.1,0.15,12,45.0,10,42.09,3.7494199999999998,Snaking_E1_0_E2_4_Fric_9_load_3.tif
249,0.1,0.15,14,45.0,9,45.01,5.95326,Snaking_E1_0_E2_4_Fric_9_load_4.tif
250,0.12,0.07,6,0.01,7,14.34,1.21455,Snaking_E1_1_E2_0_Fric_0_load_0.tif
251,0.12,0.07,8,0.01,10,29.47,1.8002200000000002,Snaking_E1_1_E2_0_Fric_0_load_1.tif
252,0.12,0.07,10,0.01,10,36.27,3.23129,Snaking_E1_1_E2_0_Fric_0_load_2.tif
253,0.12,0.07,12,0.01,10,40.67,5.1950400000000005,Snaking_E1_1_E2_0_Fric_0_load_3.tif
254,0.12,0.07,14,0.01,11,41.94,3.43146,Snaking_E1_1_E2_0_Fric_0_load_4.tif
255,0.12,0.07,6,5.0,7,14.34,1.0504200000000001,Snaking_E1_1_E2_0_Fric_1_load_0.tif
256,0.12,0.07,8,5.0,8,33.25,2.29927,Snaking_E1_1_E2_0_Fric_1_load_1.tif
257,0.12,0.07,10,5.0,8,31.52,2.21323,Snaking_E1_1_E2_0_Fric_1_load_2.tif
258,0.12,0.07,12,5.0,7,40.71,2.3624400000000003,Snaking_E1_1_E2_0_Fric_1_load_3.tif
259,0.12,0.07,14,5.0,10,45.04,3.01507,Snaking_E1_1_E2_0_Fric_1_load_4.tif
260,0.12,0.07,6,10.0,7,14.37,0.738069,Snaking_E1_1_E2_0_Fric_2_load_0.tif
261,0.12,0.07,8,10.0,7,27.31,2.15876,Snaking_E1_1_E2_0_Fric_2_load_1.tif
262,0.12,0.07,10,10.0,8,33.59,2.24967,Snaking_E1_1_E2_0_Fric_2_load_2.tif
263,0.12,0.07,12,10.0,11,40.08,4.924169999999999,Snaking_E1_1_E2_0_Fric_2_load_3.tif
264,0.12,0.07,14,10.0,11,43.93,3.1141900000000002,Snaking_E1_1_E2_0_Fric_2_load_4.tif
265,0.12,0.07,6,15.0,6,12.37,1.11706,Snaking_E1_1_E2_0_Fric_3_load_0.tif
266,0.12,0.07,8,15.0,10,28.96,2.03661,Snaking_E1_1_E2_0_Fric_3_load_1.tif
267,0.12,0.07,10,15.0,10,35.31,3.70851,Snaking_E1_1_E2_0_Fric_3_load_2.tif
268,0.12,0.07,12,15.0,8,42.3,3.84659,Snaking_E1_1_E2_0_Fric_3_load_3.tif
269,0.12,0.07,14,15.0,9,45.97,3.3661300000000005,Snaking_E1_1_E2_0_Fric_3_load_4.tif
270,0.12,0.07,6,20.0,8,17.84,1.18951,Snaking_E1_1_E2_0_Fric_4_load_0.tif
271,0.12,0.07,8,20.0,11,32.04,2.12573,Snaking_E1_1_E2_0_Fric_4_load_1.tif
272,0.12,0.07,10,20.0,9,33.8,3.53505,Snaking_E1_1_E2_0_Fric_4_load_2.tif
273,0.12,0.07,12,20.0,10,39.18,4.088509999999999,Snaking_E1_1_E2_0_Fric_4_load_3.tif
274,0.12,0.07,14,20.0,10,43.25,3.7113300000000002,Snaking_E1_1_E2_0_Fric_4_load_4.tif
275,0.12,0.07,6,25.0,7,15.83,0.7036439999999999,Snaking_E1_1_E2_0_Fric_5_load_0.tif
276,0.12,0.07,8,25.0,7,32.76,2.06549,Snaking_E1_1_E2_0_Fric_5_load_1.tif
277,0.12,0.07,10,25.0,9,36.45,2.74967,Snaking_E1_1_E2_0_Fric_5_load_2.tif
278,0.12,0.07,12,25.0,8,40.67,3.5063699999999995,Snaking_E1_1_E2_0_Fric_5_load_3.tif
279,0.12,0.07,14,25.0,13,44.61,2.3827700000000003,Snaking_E1_1_E2_0_Fric_5_load_4.tif
280,0.12,0.07,6,30.0,7,13.83,0.681754,Snaking_E1_1_E2_0_Fric_6_load_0.tif
281,0.12,0.07,8,30.0,10,29.97,1.65881,Snaking_E1_1_E2_0_Fric_6_load_1.tif
282,0.12,0.07,10,30.0,9,34.34,3.01107,Snaking_E1_1_E2_0_Fric_6_load_2.tif
283,0.12,0.07,12,30.0,11,41.59,3.0326400000000002,Snaking_E1_1_E2_0_Fric_6_load_3.tif
284,0.12,0.07,14,30.0,9,36.58,3.17352,Snaking_E1_1_E2_0_Fric_6_load_4.tif
285,0.12,0.07,6,35.0,8,15.74,0.5753520000000001,Snaking_E1_1_E2_0_Fric_7_load_0.tif
286,0.12,0.07,8,35.0,9,31.64,2.29489,Snaking_E1_1_E2_0_Fric_7_load_1.tif
287,0.12,0.07,10,35.0,8,33.95,2.46041,Snaking_E1_1_E2_0_Fric_7_load_2.tif
288,0.12,0.07,12,35.0,10,40.66,2.98965,Snaking_E1_1_E2_0_Fric_7_load_3.tif
289,0.12,0.07,14,35.0,10,45.09,3.6668199999999995,Snaking_E1_1_E2_0_Fric_7_load_4.tif
290,0.12,0.07,6,40.0,8,17.82,0.745074,Snaking_E1_1_E2_0_Fric_8_load_0.tif
291,0.12,0.07,8,40.0,11,30.41,1.76575,Snaking_E1_1_E2_0_Fric_8_load_1.tif
292,0.12,0.07,10,40.0,9,30.21,3.1023400000000003,Snaking_E1_1_E2_0_Fric_8_load_2.tif
293,0.12,0.07,12,40.0,9,40.15,3.79184,Snaking_E1_1_E2_0_Fric_8_load_3.tif
294,0.12,0.07,14,40.0,9,45.05,2.9973,Snaking_E1_1_E2_0_Fric_8_load_4.tif
295,0.12,0.07,6,45.0,8,15.3,0.625967,Snaking_E1_1_E2_0_Fric_9_load_0.tif
296,0.12,0.07,8,45.0,10,29.52,1.90978,Snaking_E1_1_E2_0_Fric_9_load_1.tif
297,0.12,0.07,10,45.0,8,38.62,2.3324599999999998,Snaking_E1_1_E2_0_Fric_9_load_2.tif
298,0.12,0.07,12,45.0,9,41.25,2.62489,Snaking_E1_1_E2_0_Fric_9_load_3.tif
299,0.12,0.07,14,45.0,14,43.38,2.58785,Snaking_E1_1_E2_0_Fric_9_load_4.tif
300,0.12,0.08,6,0.01,6,12.86,1.1342,Snaking_E1_1_E2_1_Fric_0_load_0.tif
301,0.12,0.08,8,0.01,10,28.52,1.48709,Snaking_E1_1_E2_1_Fric_0_load_1.tif
302,0.12,0.08,10,0.01,10,35.21,2.27005,Snaking_E1_1_E2_1_Fric_0_load_2.tif
303,0.12,0.08,12,0.01,9,43.36,3.2610799999999998,Snaking_E1_1_E2_1_Fric_0_load_3.tif
304,0.12,0.08,14,0.01,13,47.55,3.02239,Snaking_E1_1_E2_1_Fric_0_load_4.tif
305,0.12,0.08,6,5.0,6,11.9,0.831052,Snaking_E1_1_E2_1_Fric_1_load_0.tif
306,0.12,0.08,8,5.0,10,26.59,1.91755,Snaking_E1_1_E2_1_Fric_1_load_1.tif
307,0.12,0.08,10,5.0,10,34.85,2.66266,Snaking_E1_1_E2_1_Fric_1_load_2.tif
308,0.12,0.08,12,5.0,9,38.09,4.7381,Snaking_E1_1_E2_1_Fric_1_load_3.tif
309,0.12,0.08,14,5.0,12,45.92,2.89527,Snaking_E1_1_E2_1_Fric_1_load_4.tif
310,0.12,0.08,6,10.0,7,14.35,0.57422,Snaking_E1_1_E2_1_Fric_2_load_0.tif
311,0.12,0.08,8,10.0,9,29.57,1.59648,Snaking_E1_1_E2_1_Fric_2_load_1.tif
312,0.12,0.08,10,10.0,11,36.28,3.84473,Snaking_E1_1_E2_1_Fric_2_load_2.tif
313,0.12,0.08,12,10.0,11,39.58,3.06082,Snaking_E1_1_E2_1_Fric_2_load_3.tif
314,0.12,0.08,14,10.0,9,46.44,3.8387,Snaking_E1_1_E2_1_Fric_2_load_4.tif
315,0.12,0.08,6,15.0,7,14.35,0.769563,Snaking_E1_1_E2_1_Fric_3_load_0.tif
316,0.12,0.08,8,15.0,7,28.24,2.45629,Snaking_E1_1_E2_1_Fric_3_load_1.tif
317,0.12,0.08,10,15.0,10,36.93,4.09114,Snaking_E1_1_E2_1_Fric_3_load_2.tif
318,0.12,0.08,12,15.0,12,41.75,2.31588,Snaking_E1_1_E2_1_Fric_3_load_3.tif
319,0.12,0.08,14,15.0,5,45.58,2.0664700000000003,Snaking_E1_1_E2_1_Fric_3_load_4.tif
320,0.12,0.08,6,20.0,7,15.37,0.7056140000000001,Snaking_E1_1_E2_1_Fric_4_load_0.tif
321,0.12,0.08,8,20.0,10,27.49,2.00663,Snaking_E1_1_E2_1_Fric_4_load_1.tif
322,0.12,0.08,10,20.0,9,36.08,2.67389,Snaking_E1_1_E2_1_Fric_4_load_2.tif
323,0.12,0.08,12,20.0,9,35.38,4.73003,Snaking_E1_1_E2_1_Fric_4_load_3.tif
324,0.12,0.08,14,20.0,8,46.4,4.38616,Snaking_E1_1_E2_1_Fric_4_load_4.tif
325,0.12,0.08,6,25.0,6,12.86,1.15724,Snaking_E1_1_E2_1_Fric_5_load_0.tif
326,0.12,0.08,8,25.0,11,29.94,1.51514,Snaking_E1_1_E2_1_Fric_5_load_1.tif
327,0.12,0.08,10,25.0,9,34.24,3.44445,Snaking_E1_1_E2_1_Fric_5_load_2.tif
328,0.12,0.08,12,25.0,6,35.68,3.6830300000000005,Snaking_E1_1_E2_1_Fric_5_load_3.tif
329,0.12,0.08,14,25.0,8,44.24,6.14014,Snaking_E1_1_E2_1_Fric_5_load_4.tif
330,0.12,0.08,6,30.0,7,14.85,0.966001,Snaking_E1_1_E2_1_Fric_6_load_0.tif
331,0.12,0.08,8,30.0,11,32.41,1.4913100000000001,Snaking_E1_1_E2_1_Fric_6_load_1.tif
332,0.12,0.08,10,30.0,10,37.27,2.29109,Snaking_E1_1_E2_1_Fric_6_load_2.tif
333,0.12,0.08,12,30.0,9,42.25,2.88231,Snaking_E1_1_E2_1_Fric_6_load_3.tif
334,0.12,0.08,14,30.0,8,42.67,4.27894,Snaking_E1_1_E2_1_Fric_6_load_4.tif
335,0.12,0.08,6,35.0,6,12.85,1.186,Snaking_E1_1_E2_1_Fric_7_load_0.tif
336,0.12,0.08,8,35.0,10,29.01,2.11755,Snaking_E1_1_E2_1_Fric_7_load_1.tif
337,0.12,0.08,10,35.0,8,36.47,2.0722099999999997,Snaking_E1_1_E2_1_Fric_7_load_2.tif
338,0.12,0.08,12,35.0,8,41.23,3.1460000000000004,Snaking_E1_1_E2_1_Fric_7_load_3.tif
339,0.12,0.08,14,35.0,8,43.4,6.11616,Snaking_E1_1_E2_1_Fric_7_load_4.tif
340,0.12,0.08,6,40.0,7,14.87,0.7163069999999999,Snaking_E1_1_E2_1_Fric_8_load_0.tif
341,0.12,0.08,8,40.0,8,23.99,1.57784,Snaking_E1_1_E2_1_Fric_8_load_1.tif
342,0.12,0.08,10,40.0,8,35.93,2.31285,Snaking_E1_1_E2_1_Fric_8_load_2.tif
343,0.12,0.08,12,40.0,13,41.73,2.47162,Snaking_E1_1_E2_1_Fric_8_load_3.tif
344,0.12,0.08,14,40.0,10,45.84,3.53915,Snaking_E1_1_E2_1_Fric_8_load_4.tif
345,0.12,0.08,6,45.0,6,12.87,1.14189,Snaking_E1_1_E2_1_Fric_9_load_0.tif
346,0.12,0.08,8,45.0,9,26.02,2.71618,Snaking_E1_1_E2_1_Fric_9_load_1.tif
347,0.12,0.08,10,45.0,10,34.81,3.21728,Snaking_E1_1_E2_1_Fric_9_load_2.tif
348,0.12,0.08,12,45.0,9,41.76,4.796869999999999,Snaking_E1_1_E2_1_Fric_9_load_3.tif
349,0.12,0.08,14,45.0,9,42.04,6.4505099999999995,Snaking_E1_1_E2_1_Fric_9_load_4.tif
350,0.12,0.09,6,0.01,6,13.37,0.719411,Snaking_E1_1_E2_2_Fric_0_load_0.tif
351,0.12,0.09,8,0.01,6,26.17,2.4130599999999998,Snaking_E1_1_E2_2_Fric_0_load_1.tif
352,0.12,0.09,10,0.01,9,31.74,3.15273,Snaking_E1_1_E2_2_Fric_0_load_2.tif
353,0.12,0.09,12,0.01,9,42.49,3.39909,Snaking_E1_1_E2_2_Fric_0_load_3.tif
354,0.12,0.09,14,0.01,9,45.86,6.6348,Snaking_E1_1_E2_2_Fric_0_load_4.tif
355,0.12,0.09,6,5.0,6,12.38,0.807802,Snaking_E1_1_E2_2_Fric_1_load_0.tif
356,0.12,0.09,8,5.0,8,29.6,2.36075,Snaking_E1_1_E2_2_Fric_1_load_1.tif
357,0.12,0.09,10,5.0,7,36.87,2.08321,Snaking_E1_1_E2_2_Fric_1_load_2.tif
358,0.12,0.09,12,5.0,8,40.66,4.09016,Snaking_E1_1_E2_2_Fric_1_load_3.tif
359,0.12,0.09,14,5.0,8,45.86,5.1790199999999995,Snaking_E1_1_E2_2_Fric_1_load_4.tif
360,0.12,0.09,6,10.0,5,9.88,0.728744,Snaking_E1_1_E2_2_Fric_2_load_0.tif
361,0.12,0.09,8,10.0,12,31.92,1.7217,Snaking_E1_1_E2_2_Fric_2_load_1.tif
362,0.12,0.09,10,10.0,8,36.96,2.25152,Snaking_E1_1_E2_2_Fric_2_load_2.tif
363,0.12,0.09,12,10.0,11,42.17,2.18378,Snaking_E1_1_E2_2_Fric_2_load_3.tif
364,0.12,0.09,14,10.0,9,47.21,5.37098,Snaking_E1_1_E2_2_Fric_2_load_4.tif
365,0.12,0.09,6,15.0,7,14.86,0.860909,Snaking_E1_1_E2_2_Fric_3_load_0.tif
366,0.12,0.09,8,15.0,10,29.0,1.3009600000000001,Snaking_E1_1_E2_2_Fric_3_load_1.tif
367,0.12,0.09,10,15.0,8,36.96,2.15426,Snaking_E1_1_E2_2_Fric_3_load_2.tif
368,0.12,0.09,12,15.0,12,42.65,3.3232199999999996,Snaking_E1_1_E2_2_Fric_3_load_3.tif
369,0.12,0.09,14,15.0,9,42.35,2.64832,Snaking_E1_1_E2_2_Fric_3_load_4.tif
370,0.12,0.09,6,20.0,6,11.86,0.8345049999999999,Snaking_E1_1_E2_2_Fric_4_load_0.tif
371,0.12,0.09,8,20.0,10,28.45,1.29623,Snaking_E1_1_E2_2_Fric_4_load_1.tif
372,0.12,0.09,10,20.0,9,32.78,3.99882,Snaking_E1_1_E2_2_Fric_4_load_2.tif
373,0.12,0.09,12,20.0,8,41.34,2.2431799999999997,Snaking_E1_1_E2_2_Fric_4_load_3.tif
374,0.12,0.09,14,20.0,10,45.02,3.6154599999999997,Snaking_E1_1_E2_2_Fric_4_load_4.tif
375,0.12,0.09,6,25.0,6,12.37,0.789662,Snaking_E1_1_E2_2_Fric_5_load_0.tif
376,0.12,0.09,8,25.0,11,28.46,1.7425099999999998,Snaking_E1_1_E2_2_Fric_5_load_1.tif
377,0.12,0.09,10,25.0,9,35.32,3.12129,Snaking_E1_1_E2_2_Fric_5_load_2.tif
378,0.12,0.09,12,25.0,9,37.98,4.0210099999999995,Snaking_E1_1_E2_2_Fric_5_load_3.tif
379,0.12,0.09,14,25.0,14,46.63,2.89416,Snaking_E1_1_E2_2_Fric_5_load_4.tif
380,0.12,0.09,6,30.0,6,12.4,0.955908,Snaking_E1_1_E2_2_Fric_6_load_0.tif
381,0.12,0.09,8,30.0,9,27.42,1.5096399999999999,Snaking_E1_1_E2_2_Fric_6_load_1.tif
382,0.12,0.09,10,30.0,11,36.75,1.92562,Snaking_E1_1_E2_2_Fric_6_load_2.tif
383,0.12,0.09,12,30.0,8,36.75,2.69731,Snaking_E1_1_E2_2_Fric_6_load_3.tif
384,0.12,0.09,14,30.0,10,44.99,2.91138,Snaking_E1_1_E2_2_Fric_6_load_4.tif
385,0.12,0.09,6,35.0,6,11.85,0.774108,Snaking_E1_1_E2_2_Fric_7_load_0.tif
386,0.12,0.09,8,35.0,9,27.92,2.00957,Snaking_E1_1_E2_2_Fric_7_load_1.tif
387,0.12,0.09,10,35.0,10,36.95,2.8289,Snaking_E1_1_E2_2_Fric_7_load_2.tif
388,0.12,0.09,12,35.0,8,40.68,2.3597099999999998,Snaking_E1_1_E2_2_Fric_7_load_3.tif
389,0.12,0.09,14,35.0,10,43.47,4.8754800000000005,Snaking_E1_1_E2_2_Fric_7_load_4.tif
390,0.12,0.09,6,40.0,6,11.9,0.68202,Snaking_E1_1_E2_2_Fric_8_load_0.tif
391,0.12,0.09,8,40.0,10,31.14,1.9885400000000002,Snaking_E1_1_E2_2_Fric_8_load_1.tif
392,0.12,0.09,10,40.0,8,31.28,3.02378,Snaking_E1_1_E2_2_Fric_8_load_2.tif
393,0.12,0.09,12,40.0,8,36.93,2.75677,Snaking_E1_1_E2_2_Fric_8_load_3.tif
394,0.12,0.09,14,40.0,10,45.7,6.04556,Snaking_E1_1_E2_2_Fric_8_load_4.tif
395,0.12,0.09,6,45.0,6,13.34,0.664407,Snaking_E1_1_E2_2_Fric_9_load_0.tif
396,0.12,0.09,8,45.0,11,29.51,1.70478,Snaking_E1_1_E2_2_Fric_9_load_1.tif
397,0.12,0.09,10,45.0,11,36.3,1.8928599999999998,Snaking_E1_1_E2_2_Fric_9_load_2.tif
398,0.12,0.09,12,45.0,9,41.67,3.6188599999999997,Snaking_E1_1_E2_2_Fric_9_load_3.tif
399,0.12,0.09,14,45.0,13,45.14,2.68066,Snaking_E1_1_E2_2_Fric_9_load_4.tif
400,0.12,0.1,6,0.01,6,12.38,0.946392,Snaking_E1_1_E2_3_Fric_0_load_0.tif
401,0.12,0.1,8,0.01,8,31.14,2.35725,Snaking_E1_1_E2_3_Fric_0_load_1.tif
402,0.12,0.1,10,0.01,10,35.76,1.96544,Snaking_E1_1_E2_3_Fric_0_load_2.tif
403,0.12,0.1,12,0.01,8,41.14,3.54774,Snaking_E1_1_E2_3_Fric_0_load_3.tif
404,0.12,0.1,14,0.01,9,40.57,5.8590800000000005,Snaking_E1_1_E2_3_Fric_0_load_4.tif
405,0.12,0.1,6,5.0,7,14.34,0.500378,Snaking_E1_1_E2_3_Fric_1_load_0.tif
406,0.12,0.1,8,5.0,7,28.07,1.8642400000000001,Snaking_E1_1_E2_3_Fric_1_load_1.tif
407,0.12,0.1,10,5.0,9,29.62,2.14427,Snaking_E1_1_E2_3_Fric_1_load_2.tif
408,0.12,0.1,12,5.0,11,41.11,2.90132,Snaking_E1_1_E2_3_Fric_1_load_3.tif
409,0.12,0.1,14,5.0,10,45.49,3.80876,Snaking_E1_1_E2_3_Fric_1_load_4.tif
410,0.12,0.1,6,10.0,5,9.38,0.634138,Snaking_E1_1_E2_3_Fric_2_load_0.tif
411,0.12,0.1,8,10.0,6,24.15,1.9583099999999998,Snaking_E1_1_E2_3_Fric_2_load_1.tif
412,0.12,0.1,10,10.0,11,35.86,2.10934,Snaking_E1_1_E2_3_Fric_2_load_2.tif
413,0.12,0.1,12,10.0,9,42.24,4.7436,Snaking_E1_1_E2_3_Fric_2_load_3.tif
414,0.12,0.1,14,10.0,12,43.62,3.81972,Snaking_E1_1_E2_3_Fric_2_load_4.tif
415,0.12,0.1,6,15.0,6,11.82,0.609584,Snaking_E1_1_E2_3_Fric_3_load_0.tif
416,0.12,0.1,8,15.0,9,30.64,1.5397299999999998,Snaking_E1_1_E2_3_Fric_3_load_1.tif
417,0.12,0.1,10,15.0,9,37.18,2.5318099999999997,Snaking_E1_1_E2_3_Fric_3_load_2.tif
418,0.12,0.1,12,15.0,10,40.58,2.67385,Snaking_E1_1_E2_3_Fric_3_load_3.tif
419,0.12,0.1,14,15.0,7,44.47,3.01208,Snaking_E1_1_E2_3_Fric_3_load_4.tif
420,0.12,0.1,6,20.0,6,12.37,0.8811479999999999,Snaking_E1_1_E2_3_Fric_4_load_0.tif
421,0.12,0.1,8,20.0,8,31.17,2.2932900000000003,Snaking_E1_1_E2_3_Fric_4_load_1.tif
422,0.12,0.1,10,20.0,5,18.94,2.7902400000000003,Snaking_E1_1_E2_3_Fric_4_load_2.tif
423,0.12,0.1,12,20.0,8,33.46,3.5313199999999996,Snaking_E1_1_E2_3_Fric_4_load_3.tif
424,0.12,0.1,14,20.0,8,43.0,3.19548,Snaking_E1_1_E2_3_Fric_4_load_4.tif
425,0.12,0.1,6,25.0,5,9.39,0.698086,Snaking_E1_1_E2_3_Fric_5_load_0.tif
426,0.12,0.1,8,25.0,9,27.04,1.47563,Snaking_E1_1_E2_3_Fric_5_load_1.tif
427,0.12,0.1,10,25.0,11,37.45,2.45119,Snaking_E1_1_E2_3_Fric_5_load_2.tif
428,0.12,0.1,12,25.0,11,41.13,5.00571,Snaking_E1_1_E2_3_Fric_5_load_3.tif
429,0.12,0.1,14,25.0,10,42.67,3.42256,Snaking_E1_1_E2_3_Fric_5_load_4.tif
430,0.12,0.1,6,30.0,6,12.37,0.720229,Snaking_E1_1_E2_3_Fric_6_load_0.tif
431,0.12,0.1,8,30.0,8,26.55,2.30418,Snaking_E1_1_E2_3_Fric_6_load_1.tif
432,0.12,0.1,10,30.0,11,36.41,1.87401,Snaking_E1_1_E2_3_Fric_6_load_2.tif
433,0.12,0.1,12,30.0,10,37.14,2.91986,Snaking_E1_1_E2_3_Fric_6_load_3.tif
434,0.12,0.1,14,30.0,8,45.85,3.81474,Snaking_E1_1_E2_3_Fric_6_load_4.tif
435,0.12,0.1,6,35.0,6,11.78,0.560922,Snaking_E1_1_E2_3_Fric_7_load_0.tif
436,0.12,0.1,8,35.0,11,29.4,1.42782,Snaking_E1_1_E2_3_Fric_7_load_1.tif
437,0.12,0.1,10,35.0,10,34.86,2.38456,Snaking_E1_1_E2_3_Fric_7_load_2.tif
438,0.12,0.1,12,35.0,12,42.97,2.11895,Snaking_E1_1_E2_3_Fric_7_load_3.tif
439,0.12,0.1,14,35.0,12,45.47,3.80021,Snaking_E1_1_E2_3_Fric_7_load_4.tif
440,0.12,0.1,6,40.0,5,9.37,0.695333,Snaking_E1_1_E2_3_Fric_8_load_0.tif
441,0.12,0.1,8,40.0,8,30.06,2.33937,Snaking_E1_1_E2_3_Fric_8_load_1.tif
442,0.12,0.1,10,40.0,9,29.41,2.12783,Snaking_E1_1_E2_3_Fric_8_load_2.tif
443,0.12,0.1,12,40.0,10,41.16,4.88408,Snaking_E1_1_E2_3_Fric_8_load_3.tif
444,0.12,0.1,14,40.0,6,38.5,5.8907099999999994,Snaking_E1_1_E2_3_Fric_8_load_4.tif
445,0.12,0.1,6,45.0,6,12.36,0.51005,Snaking_E1_1_E2_3_Fric_9_load_0.tif
446,0.12,0.1,8,45.0,11,29.53,1.40309,Snaking_E1_1_E2_3_Fric_9_load_1.tif
447,0.12,0.1,10,45.0,11,38.29,3.1691700000000003,Snaking_E1_1_E2_3_Fric_9_load_2.tif
448,0.12,0.1,12,45.0,8,42.26,2.8612599999999997,Snaking_E1_1_E2_3_Fric_9_load_3.tif
449,0.12,0.1,14,45.0,9,44.26,3.1152900000000003,Snaking_E1_1_E2_3_Fric_9_load_4.tif
450,0.12,0.15,6,0.01,3,3.94,0.29368099999999997,Snaking_E1_1_E2_4_Fric_0_load_0.tif
451,0.12,0.15,8,0.01,8,27.39,1.4264700000000001,Snaking_E1_1_E2_4_Fric_0_load_1.tif
452,0.12,0.15,10,0.01,10,31.23,1.66075,Snaking_E1_1_E2_4_Fric_0_load_2.tif
453,0.12,0.15,12,0.01,10,43.04,3.5927800000000003,Snaking_E1_1_E2_4_Fric_0_load_3.tif
454,0.12,0.15,14,0.01,6,47.28,2.94893,Snaking_E1_1_E2_4_Fric_0_load_4.tif
455,0.12,0.15,6,5.0,5,8.86,0.397846,Snaking_E1_1_E2_4_Fric_1_load_0.tif
456,0.12,0.15,8,5.0,8,22.41,1.70925,Snaking_E1_1_E2_4_Fric_1_load_1.tif
457,0.12,0.15,10,5.0,6,36.76,2.21728,Snaking_E1_1_E2_4_Fric_1_load_2.tif
458,0.12,0.15,12,5.0,9,40.51,4.7382599999999995,Snaking_E1_1_E2_4_Fric_1_load_3.tif
459,0.12,0.15,14,5.0,5,46.83,2.6249700000000002,Snaking_E1_1_E2_4_Fric_1_load_4.tif
460,0.12,0.15,6,10.0,3,4.42,0.287688,Snaking_E1_1_E2_4_Fric_2_load_0.tif
461,0.12,0.15,8,10.0,10,26.92,1.14,Snaking_E1_1_E2_4_Fric_2_load_1.tif
462,0.12,0.15,10,10.0,9,34.28,3.1301799999999997,Snaking_E1_1_E2_4_Fric_2_load_2.tif
463,0.12,0.15,12,10.0,8,38.56,2.62779,Snaking_E1_1_E2_4_Fric_2_load_3.tif
464,0.12,0.15,14,10.0,6,43.84,2.74949,Snaking_E1_1_E2_4_Fric_2_load_4.tif
465,0.12,0.15,6,15.0,5,9.35,0.40135,Snaking_E1_1_E2_4_Fric_3_load_0.tif
466,0.12,0.15,8,15.0,10,26.81,1.2166700000000001,Snaking_E1_1_E2_4_Fric_3_load_1.tif
467,0.12,0.15,10,15.0,7,36.82,1.9262700000000001,Snaking_E1_1_E2_4_Fric_3_load_2.tif
468,0.12,0.15,12,15.0,11,43.06,3.78505,Snaking_E1_1_E2_4_Fric_3_load_3.tif
469,0.12,0.15,14,15.0,7,45.65,4.9673099999999994,Snaking_E1_1_E2_4_Fric_3_load_4.tif
470,0.12,0.15,6,20.0,5,8.95,0.383257,Snaking_E1_1_E2_4_Fric_4_load_0.tif
471,0.12,0.15,8,20.0,8,26.44,1.7921099999999999,Snaking_E1_1_E2_4_Fric_4_load_1.tif
472,0.12,0.15,10,20.0,7,31.75,2.64816,Snaking_E1_1_E2_4_Fric_4_load_2.tif
473,0.12,0.15,12,20.0,10,39.99,4.71986,Snaking_E1_1_E2_4_Fric_4_load_3.tif
474,0.12,0.15,14,20.0,11,44.45,2.72647,Snaking_E1_1_E2_4_Fric_4_load_4.tif
475,0.12,0.15,6,25.0,4,6.44,0.34375100000000003,Snaking_E1_1_E2_4_Fric_5_load_0.tif
476,0.12,0.15,8,25.0,7,23.52,2.05574,Snaking_E1_1_E2_4_Fric_5_load_1.tif
477,0.12,0.15,10,25.0,10,36.2,1.39141,Snaking_E1_1_E2_4_Fric_5_load_2.tif
478,0.12,0.15,12,25.0,9,38.22,3.11678,Snaking_E1_1_E2_4_Fric_5_load_3.tif
479,0.12,0.15,14,25.0,11,47.31,5.55534,Snaking_E1_1_E2_4_Fric_5_load_4.tif
480,0.12,0.15,6,30.0,3,4.42,0.265861,Snaking_E1_1_E2_4_Fric_6_load_0.tif
481,0.12,0.15,8,30.0,8,22.96,1.8103599999999997,Snaking_E1_1_E2_4_Fric_6_load_1.tif
482,0.12,0.15,10,30.0,6,31.28,2.7468,Snaking_E1_1_E2_4_Fric_6_load_2.tif
483,0.12,0.15,12,30.0,7,40.52,2.49317,Snaking_E1_1_E2_4_Fric_6_load_3.tif
484,0.12,0.15,14,30.0,7,44.36,2.4527900000000002,Snaking_E1_1_E2_4_Fric_6_load_4.tif
485,0.12,0.15,6,35.0,3,4.46,0.335347,Snaking_E1_1_E2_4_Fric_7_load_0.tif
486,0.12,0.15,8,35.0,7,20.86,1.16111,Snaking_E1_1_E2_4_Fric_7_load_1.tif
487,0.12,0.15,10,35.0,7,35.3,2.3713599999999997,Snaking_E1_1_E2_4_Fric_7_load_2.tif
488,0.12,0.15,12,35.0,5,37.6,2.94203,Snaking_E1_1_E2_4_Fric_7_load_3.tif
489,0.12,0.15,14,35.0,7,42.07,5.784619999999999,Snaking_E1_1_E2_4_Fric_7_load_4.tif
490,0.12,0.15,6,40.0,5,9.36,0.396733,Snaking_E1_1_E2_4_Fric_8_load_0.tif
491,0.12,0.15,8,40.0,7,21.37,1.2429999999999999,Snaking_E1_1_E2_4_Fric_8_load_1.tif
492,0.12,0.15,10,40.0,10,33.76,1.8474,Snaking_E1_1_E2_4_Fric_8_load_2.tif
493,0.12,0.15,12,40.0,11,39.26,2.01818,Snaking_E1_1_E2_4_Fric_8_load_3.tif
494,0.12,0.15,14,40.0,5,43.08,3.93336,Snaking_E1_1_E2_4_Fric_8_load_4.tif
495,0.12,0.15,6,45.0,4,6.43,0.33708699999999997,Snaking_E1_1_E2_4_Fric_9_load_0.tif
496,0.12,0.15,8,45.0,7,23.52,2.02027,Snaking_E1_1_E2_4_Fric_9_load_1.tif
497,0.12,0.15,10,45.0,7,36.81,2.05393,Snaking_E1_1_E2_4_Fric_9_load_2.tif
498,0.12,0.15,12,45.0,8,43.54,3.17998,Snaking_E1_1_E2_4_Fric_9_load_3.tif
499,0.12,0.15,14,45.0,6,46.92,3.0560099999999997,Snaking_E1_1_E2_4_Fric_9_load_4.tif
500,0.14,0.07,6,0.01,7,13.81,0.612093,Snaking_E1_2_E2_0_Fric_0_load_0.tif
501,0.14,0.07,8,0.01,9,31.18,2.4311599999999998,Snaking_E1_2_E2_0_Fric_0_load_1.tif
502,0.14,0.07,10,0.01,11,37.37,2.32044,Snaking_E1_2_E2_0_Fric_0_load_2.tif
503,0.14,0.07,12,0.01,8,31.63,4.87779,Snaking_E1_2_E2_0_Fric_0_load_3.tif
504,0.14,0.07,14,0.01,9,41.56,5.41855,Snaking_E1_2_E2_0_Fric_0_load_4.tif
505,0.14,0.07,6,5.0,6,12.89,0.901868,Snaking_E1_2_E2_0_Fric_1_load_0.tif
506,0.14,0.07,8,5.0,9,28.46,2.17694,Snaking_E1_2_E2_0_Fric_1_load_1.tif
507,0.14,0.07,10,5.0,10,36.94,3.1955,Snaking_E1_2_E2_0_Fric_1_load_2.tif
508,0.14,0.07,12,5.0,7,40.65,3.65251,Snaking_E1_2_E2_0_Fric_1_load_3.tif
509,0.14,0.07,14,5.0,6,38.54,6.44383,Snaking_E1_2_E2_0_Fric_1_load_4.tif
510,0.14,0.07,6,10.0,6,12.88,0.905101,Snaking_E1_2_E2_0_Fric_2_load_0.tif
511,0.14,0.07,8,10.0,9,31.11,2.27935,Snaking_E1_2_E2_0_Fric_2_load_1.tif
512,0.14,0.07,10,10.0,8,36.92,2.5030799999999997,Snaking_E1_2_E2_0_Fric_2_load_2.tif
513,0.14,0.07,12,10.0,10,43.17,2.66574,Snaking_E1_2_E2_0_Fric_2_load_3.tif
514,0.14,0.07,14,10.0,9,42.24,2.51962,Snaking_E1_2_E2_0_Fric_2_load_4.tif
515,0.14,0.07,6,15.0,7,14.86,0.602201,Snaking_E1_2_E2_0_Fric_3_load_0.tif
516,0.14,0.07,8,15.0,9,30.61,2.3669700000000002,Snaking_E1_2_E2_0_Fric_3_load_1.tif
517,0.14,0.07,10,15.0,9,32.81,2.08929,Snaking_E1_2_E2_0_Fric_3_load_2.tif
518,0.14,0.07,12,15.0,9,32.66,2.04406,Snaking_E1_2_E2_0_Fric_3_load_3.tif
519,0.14,0.07,14,15.0,9,42.59,5.51998,Snaking_E1_2_E2_0_Fric_3_load_4.tif
520,0.14,0.07,6,20.0,6,12.36,0.5141,Snaking_E1_2_E2_0_Fric_4_load_0.tif
521,0.14,0.07,8,20.0,11,29.48,1.45491,Snaking_E1_2_E2_0_Fric_4_load_1.tif
522,0.14,0.07,10,20.0,8,37.28,2.07865,Snaking_E1_2_E2_0_Fric_4_load_2.tif
523,0.14,0.07,12,20.0,7,39.14,2.1993400000000003,Snaking_E1_2_E2_0_Fric_4_load_3.tif
524,0.14,0.07,14,20.0,8,46.85,3.96015,Snaking_E1_2_E2_0_Fric_4_load_4.tif
525,0.14,0.07,6,25.0,6,12.39,0.938293,Snaking_E1_2_E2_0_Fric_5_load_0.tif
526,0.14,0.07,8,25.0,9,29.35,1.2722,Snaking_E1_2_E2_0_Fric_5_load_1.tif
527,0.14,0.07,10,25.0,10,34.93,2.31453,Snaking_E1_2_E2_0_Fric_5_load_2.tif
528,0.14,0.07,12,25.0,10,42.6,2.9233599999999997,Snaking_E1_2_E2_0_Fric_5_load_3.tif
529,0.14,0.07,14,25.0,9,47.01,5.57073,Snaking_E1_2_E2_0_Fric_5_load_4.tif
530,0.14,0.07,6,30.0,6,12.37,0.9219950000000001,Snaking_E1_2_E2_0_Fric_6_load_0.tif
531,0.14,0.07,8,30.0,8,30.66,2.18257,Snaking_E1_2_E2_0_Fric_6_load_1.tif
532,0.14,0.07,10,30.0,8,37.46,2.2089,Snaking_E1_2_E2_0_Fric_6_load_2.tif
533,0.14,0.07,12,30.0,11,37.28,2.77113,Snaking_E1_2_E2_0_Fric_6_load_3.tif
534,0.14,0.07,14,30.0,10,43.56,3.20737,Snaking_E1_2_E2_0_Fric_6_load_4.tif
535,0.14,0.07,6,35.0,6,12.39,0.903379,Snaking_E1_2_E2_0_Fric_7_load_0.tif
536,0.14,0.07,8,35.0,9,29.03,2.11064,Snaking_E1_2_E2_0_Fric_7_load_1.tif
537,0.14,0.07,10,35.0,10,33.42,3.96076,Snaking_E1_2_E2_0_Fric_7_load_2.tif
538,0.14,0.07,12,35.0,10,36.95,3.13992,Snaking_E1_2_E2_0_Fric_7_load_3.tif
539,0.14,0.07,14,35.0,8,44.82,5.94797,Snaking_E1_2_E2_0_Fric_7_load_4.tif
540,0.14,0.07,6,40.0,6,11.85,0.48932,Snaking_E1_2_E2_0_Fric_8_load_0.tif
541,0.14,0.07,8,40.0,8,31.23,2.43109,Snaking_E1_2_E2_0_Fric_8_load_1.tif
542,0.14,0.07,10,40.0,10,34.88,2.49085,Snaking_E1_2_E2_0_Fric_8_load_2.tif
543,0.14,0.07,12,40.0,9,41.68,2.64812,Snaking_E1_2_E2_0_Fric_8_load_3.tif
544,0.14,0.07,14,40.0,9,46.46,2.2058299999999997,Snaking_E1_2_E2_0_Fric_8_load_4.tif
545,0.14,0.07,6,45.0,6,11.86,0.649324,Snaking_E1_2_E2_0_Fric_9_load_0.tif
546,0.14,0.07,8,45.0,8,24.54,2.02517,Snaking_E1_2_E2_0_Fric_9_load_1.tif
547,0.14,0.07,10,45.0,11,34.76,2.70845,Snaking_E1_2_E2_0_Fric_9_load_2.tif
548,0.14,0.07,12,45.0,10,38.51,3.3169800000000005,Snaking_E1_2_E2_0_Fric_9_load_3.tif
549,0.14,0.07,14,45.0,10,43.84,3.1829,Snaking_E1_2_E2_0_Fric_9_load_4.tif
550,0.14,0.08,6,0.01,6,11.86,0.7594770000000001,Snaking_E1_2_E2_1_Fric_0_load_0.tif
551,0.14,0.08,8,0.01,7,28.11,1.79672,Snaking_E1_2_E2_1_Fric_0_load_1.tif
552,0.14,0.08,10,0.01,9,37.25,2.80661,Snaking_E1_2_E2_1_Fric_0_load_2.tif
553,0.14,0.08,12,0.01,9,36.92,4.19857,Snaking_E1_2_E2_1_Fric_0_load_3.tif
554,0.14,0.08,14,0.01,10,42.8,2.70827,Snaking_E1_2_E2_1_Fric_0_load_4.tif
555,0.14,0.08,6,5.0,6,12.34,0.5174380000000001,Snaking_E1_2_E2_1_Fric_1_load_0.tif
556,0.14,0.08,8,5.0,10,27.02,1.28651,Snaking_E1_2_E2_1_Fric_1_load_1.tif
557,0.14,0.08,10,5.0,11,37.71,1.96347,Snaking_E1_2_E2_1_Fric_1_load_2.tif
558,0.14,0.08,12,5.0,9,40.37,4.42185,Snaking_E1_2_E2_1_Fric_1_load_3.tif
559,0.14,0.08,14,5.0,10,47.02,3.69032,Snaking_E1_2_E2_1_Fric_1_load_4.tif
560,0.14,0.08,6,10.0,6,11.87,0.759001,Snaking_E1_2_E2_1_Fric_2_load_0.tif
561,0.14,0.08,8,10.0,8,31.14,2.37934,Snaking_E1_2_E2_1_Fric_2_load_1.tif
562,0.14,0.08,10,10.0,8,33.74,3.4138599999999997,Snaking_E1_2_E2_1_Fric_2_load_2.tif
563,0.14,0.08,12,10.0,7,41.69,2.3612599999999997,Snaking_E1_2_E2_1_Fric_2_load_3.tif
564,0.14,0.08,14,10.0,9,48.02,3.24859,Snaking_E1_2_E2_1_Fric_2_load_4.tif
565,0.14,0.08,6,15.0,7,14.79,0.49243100000000006,Snaking_E1_2_E2_1_Fric_3_load_0.tif
566,0.14,0.08,8,15.0,7,29.66,2.4556400000000003,Snaking_E1_2_E2_1_Fric_3_load_1.tif
567,0.14,0.08,10,15.0,9,37.19,2.36144,Snaking_E1_2_E2_1_Fric_3_load_2.tif
568,0.14,0.08,12,15.0,8,42.59,2.52583,Snaking_E1_2_E2_1_Fric_3_load_3.tif
569,0.14,0.08,14,15.0,7,42.3,4.06454,Snaking_E1_2_E2_1_Fric_3_load_4.tif
570,0.14,0.08,6,20.0,6,11.85,0.47358599999999995,Snaking_E1_2_E2_1_Fric_4_load_0.tif
571,0.14,0.08,8,20.0,10,28.54,1.90622,Snaking_E1_2_E2_1_Fric_4_load_1.tif
572,0.14,0.08,10,20.0,11,37.19,3.1956900000000004,Snaking_E1_2_E2_1_Fric_4_load_2.tif
573,0.14,0.08,12,20.0,4,20.94,2.79629,Snaking_E1_2_E2_1_Fric_4_load_3.tif
574,0.14,0.08,14,20.0,8,43.75,3.81492,Snaking_E1_2_E2_1_Fric_4_load_4.tif
575,0.14,0.08,6,25.0,6,12.86,0.891021,Snaking_E1_2_E2_1_Fric_5_load_0.tif
576,0.14,0.08,8,25.0,11,30.95,1.35619,Snaking_E1_2_E2_1_Fric_5_load_1.tif
577,0.14,0.08,10,25.0,7,30.31,2.44423,Snaking_E1_2_E2_1_Fric_5_load_2.tif
578,0.14,0.08,12,25.0,9,38.54,3.72876,Snaking_E1_2_E2_1_Fric_5_load_3.tif
579,0.14,0.08,14,25.0,6,40.81,3.4041699999999997,Snaking_E1_2_E2_1_Fric_5_load_4.tif
580,0.14,0.08,6,30.0,6,11.86,0.485817,Snaking_E1_2_E2_1_Fric_6_load_0.tif
581,0.14,0.08,8,30.0,10,30.04,1.3521,Snaking_E1_2_E2_1_Fric_6_load_1.tif
582,0.14,0.08,10,30.0,9,32.29,2.02592,Snaking_E1_2_E2_1_Fric_6_load_2.tif
583,0.14,0.08,12,30.0,7,42.65,2.69686,Snaking_E1_2_E2_1_Fric_6_load_3.tif
584,0.14,0.08,14,30.0,8,47.4,2.2648099999999998,Snaking_E1_2_E2_1_Fric_6_load_4.tif
585,0.14,0.08,6,35.0,5,9.88,0.62443,Snaking_E1_2_E2_1_Fric_7_load_0.tif
586,0.14,0.08,8,35.0,10,29.37,1.32508,Snaking_E1_2_E2_1_Fric_7_load_1.tif
587,0.14,0.08,10,35.0,9,33.76,2.4281,Snaking_E1_2_E2_1_Fric_7_load_2.tif
588,0.14,0.08,12,35.0,7,42.21,2.18824,Snaking_E1_2_E2_1_Fric_7_load_3.tif
589,0.14,0.08,14,35.0,9,46.88,3.9883300000000004,Snaking_E1_2_E2_1_Fric_7_load_4.tif
590,0.14,0.08,6,40.0,6,11.37,0.44705600000000006,Snaking_E1_2_E2_1_Fric_8_load_0.tif
591,0.14,0.08,8,40.0,9,28.51,1.73905,Snaking_E1_2_E2_1_Fric_8_load_1.tif
592,0.14,0.08,10,40.0,8,30.6,2.85938,Snaking_E1_2_E2_1_Fric_8_load_2.tif
593,0.14,0.08,12,40.0,10,42.1,4.93802,Snaking_E1_2_E2_1_Fric_8_load_3.tif
594,0.14,0.08,14,40.0,9,43.94,5.395230000000001,Snaking_E1_2_E2_1_Fric_8_load_4.tif
595,0.14,0.08,6,45.0,6,12.36,0.649146,Snaking_E1_2_E2_1_Fric_9_load_0.tif
596,0.14,0.08,8,45.0,9,27.83,1.24263,Snaking_E1_2_E2_1_Fric_9_load_1.tif
597,0.14,0.08,10,45.0,11,36.86,1.87874,Snaking_E1_2_E2_1_Fric_9_load_2.tif
598,0.14,0.08,12,45.0,9,39.25,2.53103,Snaking_E1_2_E2_1_Fric_9_load_3.tif
599,0.14,0.08,14,45.0,6,40.7,2.4559599999999997,Snaking_E1_2_E2_1_Fric_9_load_4.tif
600,0.14,0.09,6,0.01,6,11.35,0.402016,Snaking_E1_2_E2_2_Fric_0_load_0.tif
601,0.14,0.09,8,0.01,8,31.08,2.0477,Snaking_E1_2_E2_2_Fric_0_load_1.tif
602,0.14,0.09,10,0.01,7,33.4,2.23929,Snaking_E1_2_E2_2_Fric_0_load_2.tif
603,0.14,0.09,12,0.01,6,40.58,2.37945,Snaking_E1_2_E2_2_Fric_0_load_3.tif
604,0.14,0.09,14,0.01,8,47.66,3.74226,Snaking_E1_2_E2_2_Fric_0_load_4.tif
605,0.14,0.09,6,5.0,6,11.86,0.433262,Snaking_E1_2_E2_2_Fric_1_load_0.tif
606,0.14,0.09,8,5.0,8,30.59,2.26133,Snaking_E1_2_E2_2_Fric_1_load_1.tif
607,0.14,0.09,10,5.0,10,35.25,2.3557099999999997,Snaking_E1_2_E2_2_Fric_1_load_2.tif
608,0.14,0.09,12,5.0,10,40.91,2.25161,Snaking_E1_2_E2_2_Fric_1_load_3.tif
609,0.14,0.09,14,5.0,8,40.02,6.64233,Snaking_E1_2_E2_2_Fric_1_load_4.tif
610,0.14,0.09,6,10.0,5,9.39,0.460704,Snaking_E1_2_E2_2_Fric_2_load_0.tif
611,0.14,0.09,8,10.0,8,26.05,2.00347,Snaking_E1_2_E2_2_Fric_2_load_1.tif
612,0.14,0.09,10,10.0,11,37.41,1.79298,Snaking_E1_2_E2_2_Fric_2_load_2.tif
613,0.14,0.09,12,10.0,10,41.59,3.7051199999999995,Snaking_E1_2_E2_2_Fric_2_load_3.tif
614,0.14,0.09,14,10.0,10,46.39,5.61195,Snaking_E1_2_E2_2_Fric_2_load_4.tif
615,0.14,0.09,6,15.0,5,9.9,0.5524859999999999,Snaking_E1_2_E2_2_Fric_3_load_0.tif
616,0.14,0.09,8,15.0,10,27.43,1.31548,Snaking_E1_2_E2_2_Fric_3_load_1.tif
617,0.14,0.09,10,15.0,10,36.68,1.8175700000000001,Snaking_E1_2_E2_2_Fric_3_load_2.tif
618,0.14,0.09,12,15.0,12,40.27,2.5733099999999998,Snaking_E1_2_E2_2_Fric_3_load_3.tif
619,0.14,0.09,14,15.0,7,45.89,2.2456099999999997,Snaking_E1_2_E2_2_Fric_3_load_4.tif
620,0.14,0.09,6,20.0,7,14.31,0.49266499999999996,Snaking_E1_2_E2_2_Fric_4_load_0.tif
621,0.14,0.09,8,20.0,7,29.64,2.3231900000000003,Snaking_E1_2_E2_2_Fric_4_load_1.tif
622,0.14,0.09,10,20.0,6,34.42,2.44447,Snaking_E1_2_E2_2_Fric_4_load_2.tif
623,0.14,0.09,12,20.0,11,35.52,2.59627,Snaking_E1_2_E2_2_Fric_4_load_3.tif
624,0.14,0.09,14,20.0,7,48.52,2.90864,Snaking_E1_2_E2_2_Fric_4_load_4.tif
625,0.14,0.09,6,25.0,6,12.36,0.663412,Snaking_E1_2_E2_2_Fric_5_load_0.tif
626,0.14,0.09,8,25.0,10,26.95,1.5694700000000001,Snaking_E1_2_E2_2_Fric_5_load_1.tif
627,0.14,0.09,10,25.0,11,35.28,1.9853900000000002,Snaking_E1_2_E2_2_Fric_5_load_2.tif
628,0.14,0.09,12,25.0,9,39.4,4.3133099999999995,Snaking_E1_2_E2_2_Fric_5_load_3.tif
629,0.14,0.09,14,25.0,8,40.58,6.14949,Snaking_E1_2_E2_2_Fric_5_load_4.tif
630,0.14,0.09,6,30.0,6,12.36,0.784881,Snaking_E1_2_E2_2_Fric_6_load_0.tif
631,0.14,0.09,8,30.0,8,31.15,2.35488,Snaking_E1_2_E2_2_Fric_6_load_1.tif
632,0.14,0.09,10,30.0,6,31.84,2.08672,Snaking_E1_2_E2_2_Fric_6_load_2.tif
633,0.14,0.09,12,30.0,8,39.6,3.16875,Snaking_E1_2_E2_2_Fric_6_load_3.tif
634,0.14,0.09,14,30.0,11,43.31,3.14513,Snaking_E1_2_E2_2_Fric_6_load_4.tif
635,0.14,0.09,6,35.0,6,11.35,0.407968,Snaking_E1_2_E2_2_Fric_7_load_0.tif
636,0.14,0.09,8,35.0,9,31.14,2.3411,Snaking_E1_2_E2_2_Fric_7_load_1.tif
637,0.14,0.09,10,35.0,7,36.89,2.32812,Snaking_E1_2_E2_2_Fric_7_load_2.tif
638,0.14,0.09,12,35.0,9,42.04,4.74183,Snaking_E1_2_E2_2_Fric_7_load_3.tif
639,0.14,0.09,14,35.0,8,46.78,3.4333,Snaking_E1_2_E2_2_Fric_7_load_4.tif
640,0.14,0.09,6,40.0,5,9.89,0.52786,Snaking_E1_2_E2_2_Fric_8_load_0.tif
641,0.14,0.09,8,40.0,8,26.81,1.7949700000000002,Snaking_E1_2_E2_2_Fric_8_load_1.tif
642,0.14,0.09,10,40.0,11,37.81,2.6907799999999997,Snaking_E1_2_E2_2_Fric_8_load_2.tif
643,0.14,0.09,12,40.0,5,38.74,2.31704,Snaking_E1_2_E2_2_Fric_8_load_3.tif
644,0.14,0.09,14,40.0,9,47.84,6.0116,Snaking_E1_2_E2_2_Fric_8_load_4.tif
645,0.14,0.09,6,45.0,5,9.38,0.467696,Snaking_E1_2_E2_2_Fric_9_load_0.tif
646,0.14,0.09,8,45.0,8,29.1,2.30611,Snaking_E1_2_E2_2_Fric_9_load_1.tif
647,0.14,0.09,10,45.0,11,34.76,1.95902,Snaking_E1_2_E2_2_Fric_9_load_2.tif
648,0.14,0.09,12,45.0,9,39.55,3.01456,Snaking_E1_2_E2_2_Fric_9_load_3.tif
649,0.14,0.09,14,45.0,12,45.14,2.7037299999999997,Snaking_E1_2_E2_2_Fric_9_load_4.tif
650,0.14,0.1,6,0.01,5,9.9,0.5707949999999999,Snaking_E1_2_E2_3_Fric_0_load_0.tif
651,0.14,0.1,8,0.01,9,29.95,2.0522400000000003,Snaking_E1_2_E2_3_Fric_0_load_1.tif
652,0.14,0.1,10,0.01,9,31.28,2.30861,Snaking_E1_2_E2_3_Fric_0_load_2.tif
653,0.14,0.1,12,0.01,9,36.45,3.4467199999999996,Snaking_E1_2_E2_3_Fric_0_load_3.tif
654,0.14,0.1,14,0.01,10,44.19,3.13358,Snaking_E1_2_E2_3_Fric_0_load_4.tif
655,0.14,0.1,6,5.0,5,9.89,0.631099,Snaking_E1_2_E2_3_Fric_1_load_0.tif
656,0.14,0.1,8,5.0,10,29.81,1.21151,Snaking_E1_2_E2_3_Fric_1_load_1.tif
657,0.14,0.1,10,5.0,10,35.36,3.87771,Snaking_E1_2_E2_3_Fric_1_load_2.tif
658,0.14,0.1,12,5.0,8,43.19,2.71786,Snaking_E1_2_E2_3_Fric_1_load_3.tif
659,0.14,0.1,14,5.0,8,46.72,5.65784,Snaking_E1_2_E2_3_Fric_1_load_4.tif
660,0.14,0.1,6,10.0,5,9.33,0.460875,Snaking_E1_2_E2_3_Fric_2_load_0.tif
661,0.14,0.1,8,10.0,8,29.11,1.86538,Snaking_E1_2_E2_3_Fric_2_load_1.tif
662,0.14,0.1,10,10.0,10,35.84,2.30087,Snaking_E1_2_E2_3_Fric_2_load_2.tif
663,0.14,0.1,12,10.0,11,40.64,2.40469,Snaking_E1_2_E2_3_Fric_2_load_3.tif
664,0.14,0.1,14,10.0,9,43.14,4.56401,Snaking_E1_2_E2_3_Fric_2_load_4.tif
665,0.14,0.1,6,15.0,5,8.84,0.406431,Snaking_E1_2_E2_3_Fric_3_load_0.tif
666,0.14,0.1,8,15.0,10,26.89,1.4168399999999999,Snaking_E1_2_E2_3_Fric_3_load_1.tif
667,0.14,0.1,10,15.0,9,36.91,2.64457,Snaking_E1_2_E2_3_Fric_3_load_2.tif
668,0.14,0.1,12,15.0,10,41.52,3.11315,Snaking_E1_2_E2_3_Fric_3_load_3.tif
669,0.14,0.1,14,15.0,5,24.08,3.18148,Snaking_E1_2_E2_3_Fric_3_load_4.tif
670,0.14,0.1,6,20.0,5,10.38,0.6245109999999999,Snaking_E1_2_E2_3_Fric_4_load_0.tif
671,0.14,0.1,8,20.0,9,24.89,1.30261,Snaking_E1_2_E2_3_Fric_4_load_1.tif
672,0.14,0.1,10,20.0,6,33.9,2.70019,Snaking_E1_2_E2_3_Fric_4_load_2.tif
673,0.14,0.1,12,20.0,8,43.24,2.88492,Snaking_E1_2_E2_3_Fric_4_load_3.tif
674,0.14,0.1,14,20.0,9,43.47,4.20239,Snaking_E1_2_E2_3_Fric_4_load_4.tif
675,0.14,0.1,6,25.0,5,8.84,0.407762,Snaking_E1_2_E2_3_Fric_5_load_0.tif
676,0.14,0.1,8,25.0,7,24.56,1.90087,Snaking_E1_2_E2_3_Fric_5_load_1.tif
677,0.14,0.1,10,25.0,10,38.86,3.48779,Snaking_E1_2_E2_3_Fric_5_load_2.tif
678,0.14,0.1,12,25.0,9,38.51,3.0483599999999997,Snaking_E1_2_E2_3_Fric_5_load_3.tif
679,0.14,0.1,14,25.0,6,46.37,2.59512,Snaking_E1_2_E2_3_Fric_5_load_4.tif
680,0.14,0.1,6,30.0,5,9.89,0.44814799999999994,Snaking_E1_2_E2_3_Fric_6_load_0.tif
681,0.14,0.1,8,30.0,8,26.91,2.03342,Snaking_E1_2_E2_3_Fric_6_load_1.tif
682,0.14,0.1,10,30.0,10,32.74,2.12015,Snaking_E1_2_E2_3_Fric_6_load_2.tif
683,0.14,0.1,12,30.0,7,42.62,2.6591099999999996,Snaking_E1_2_E2_3_Fric_6_load_3.tif
684,0.14,0.1,14,30.0,9,46.28,3.02446,Snaking_E1_2_E2_3_Fric_6_load_4.tif
685,0.14,0.1,6,35.0,4,6.37,0.376759,Snaking_E1_2_E2_3_Fric_7_load_0.tif
686,0.14,0.1,8,35.0,9,26.87,1.4901,Snaking_E1_2_E2_3_Fric_7_load_1.tif
687,0.14,0.1,10,35.0,9,35.23,2.29707,Snaking_E1_2_E2_3_Fric_7_load_2.tif
688,0.14,0.1,12,35.0,8,39.48,2.76899,Snaking_E1_2_E2_3_Fric_7_load_3.tif
689,0.14,0.1,14,35.0,9,43.94,3.2829300000000003,Snaking_E1_2_E2_3_Fric_7_load_4.tif
690,0.14,0.1,6,40.0,5,9.9,0.536254,Snaking_E1_2_E2_3_Fric_8_load_0.tif
691,0.14,0.1,8,40.0,10,26.96,1.23366,Snaking_E1_2_E2_3_Fric_8_load_1.tif
692,0.14,0.1,10,40.0,8,35.74,3.1038900000000003,Snaking_E1_2_E2_3_Fric_8_load_2.tif
693,0.14,0.1,12,40.0,10,40.27,3.17299,Snaking_E1_2_E2_3_Fric_8_load_3.tif
694,0.14,0.1,14,40.0,12,46.97,3.70088,Snaking_E1_2_E2_3_Fric_8_load_4.tif
695,0.14,0.1,6,45.0,5,9.89,0.54206,Snaking_E1_2_E2_3_Fric_9_load_0.tif
696,0.14,0.1,8,45.0,10,28.92,1.37929,Snaking_E1_2_E2_3_Fric_9_load_1.tif
697,0.14,0.1,10,45.0,7,28.06,2.53302,Snaking_E1_2_E2_3_Fric_9_load_2.tif
698,0.14,0.1,12,45.0,7,37.09,3.4221699999999995,Snaking_E1_2_E2_3_Fric_9_load_3.tif
699,0.14,0.1,14,45.0,7,46.82,2.6334,Snaking_E1_2_E2_3_Fric_9_load_4.tif
700,0.14,0.15,6,0.01,3,4.43,0.272131,Snaking_E1_2_E2_4_Fric_0_load_0.tif
701,0.14,0.15,8,0.01,7,18.96,1.8152400000000002,Snaking_E1_2_E2_4_Fric_0_load_1.tif
702,0.14,0.15,10,0.01,10,35.11,2.3743,Snaking_E1_2_E2_4_Fric_0_load_2.tif
703,0.14,0.15,12,0.01,10,39.84,2.89542,Snaking_E1_2_E2_4_Fric_0_load_3.tif
704,0.14,0.15,14,0.01,6,28.04,3.8721099999999997,Snaking_E1_2_E2_4_Fric_0_load_4.tif
705,0.14,0.15,6,5.0,0,0.0,0.0,Snaking_E1_2_E2_4_Fric_1_load_0.tif
706,0.14,0.15,8,5.0,9,25.94,1.74753,Snaking_E1_2_E2_4_Fric_1_load_1.tif
707,0.14,0.15,10,5.0,9,36.1,2.12715,Snaking_E1_2_E2_4_Fric_1_load_2.tif
708,0.14,0.15,12,5.0,10,42.27,2.5098700000000003,Snaking_E1_2_E2_4_Fric_1_load_3.tif
709,0.14,0.15,14,5.0,4,20.51,2.6855900000000004,Snaking_E1_2_E2_4_Fric_1_load_4.tif
710,0.14,0.15,6,10.0,0,0.0,0.0,Snaking_E1_2_E2_4_Fric_2_load_0.tif
711,0.14,0.15,8,10.0,8,22.94,1.8282,Snaking_E1_2_E2_4_Fric_2_load_1.tif
712,0.14,0.15,10,10.0,9,34.67,2.36745,Snaking_E1_2_E2_4_Fric_2_load_2.tif
713,0.14,0.15,12,10.0,8,39.86,3.07131,Snaking_E1_2_E2_4_Fric_2_load_3.tif
714,0.14,0.15,14,10.0,4,27.13,6.38899,Snaking_E1_2_E2_4_Fric_2_load_4.tif
715,0.14,0.15,6,15.0,1,0.0,0.215794,Snaking_E1_2_E2_4_Fric_3_load_0.tif
716,0.14,0.15,8,15.0,8,21.93,1.61944,Snaking_E1_2_E2_4_Fric_3_load_1.tif
717,0.14,0.15,10,15.0,6,31.78,2.47072,Snaking_E1_2_E2_4_Fric_3_load_2.tif
718,0.14,0.15,12,15.0,10,37.23,2.3034,Snaking_E1_2_E2_4_Fric_3_load_3.tif
719,0.14,0.15,14,15.0,9,43.01,2.9255400000000003,Snaking_E1_2_E2_4_Fric_3_load_4.tif
720,0.14,0.15,6,20.0,0,0.0,0.0,Snaking_E1_2_E2_4_Fric_4_load_0.tif
721,0.14,0.15,8,20.0,6,16.45,1.71827,Snaking_E1_2_E2_4_Fric_4_load_1.tif
722,0.14,0.15,10,20.0,8,36.3,1.72927,Snaking_E1_2_E2_4_Fric_4_load_2.tif
723,0.14,0.15,12,20.0,7,37.49,2.5164,Snaking_E1_2_E2_4_Fric_4_load_3.tif
724,0.14,0.15,14,20.0,7,40.83,4.29255,Snaking_E1_2_E2_4_Fric_4_load_4.tif
725,0.14,0.15,6,25.0,0,0.0,0.0,Snaking_E1_2_E2_4_Fric_5_load_0.tif
726,0.14,0.15,8,25.0,7,19.5,1.90221,Snaking_E1_2_E2_4_Fric_5_load_1.tif
727,0.14,0.15,10,25.0,6,35.25,2.48675,Snaking_E1_2_E2_4_Fric_5_load_2.tif
728,0.14,0.15,12,25.0,8,39.71,2.7388,Snaking_E1_2_E2_4_Fric_5_load_3.tif
729,0.14,0.15,14,25.0,7,42.19,3.36595,Snaking_E1_2_E2_4_Fric_5_load_4.tif
730,0.14,0.15,6,30.0,2,1.96,0.242112,Snaking_E1_2_E2_4_Fric_6_load_0.tif
731,0.14,0.15,8,30.0,8,20.84,0.785105,Snaking_E1_2_E2_4_Fric_6_load_1.tif
732,0.14,0.15,10,30.0,10,34.2,2.15866,Snaking_E1_2_E2_4_Fric_6_load_2.tif
733,0.14,0.15,12,30.0,9,38.88,2.23495,Snaking_E1_2_E2_4_Fric_6_load_3.tif
734,0.14,0.15,14,30.0,8,40.83,2.48366,Snaking_E1_2_E2_4_Fric_6_load_4.tif
735,0.14,0.15,6,35.0,0,0.0,0.0,Snaking_E1_2_E2_4_Fric_7_load_0.tif
736,0.14,0.15,8,35.0,8,22.41,1.7941200000000002,Snaking_E1_2_E2_4_Fric_7_load_1.tif
737,0.14,0.15,10,35.0,9,35.67,2.6549,Snaking_E1_2_E2_4_Fric_7_load_2.tif
738,0.14,0.15,12,35.0,10,39.82,2.3837,Snaking_E1_2_E2_4_Fric_7_load_3.tif
739,0.14,0.15,14,35.0,10,45.97,3.2484900000000003,Snaking_E1_2_E2_4_Fric_7_load_4.tif
740,0.14,0.15,6,40.0,0,0.0,0.0,Snaking_E1_2_E2_4_Fric_8_load_0.tif
741,0.14,0.15,8,40.0,6,15.94,1.53976,Snaking_E1_2_E2_4_Fric_8_load_1.tif
742,0.14,0.15,10,40.0,9,30.75,2.3858900000000003,Snaking_E1_2_E2_4_Fric_8_load_2.tif
743,0.14,0.15,12,40.0,5,23.64,2.8278,Snaking_E1_2_E2_4_Fric_8_load_3.tif
744,0.14,0.15,14,40.0,4,20.55,2.75279,Snaking_E1_2_E2_4_Fric_8_load_4.tif
745,0.14,0.15,6,45.0,0,0.0,0.0,Snaking_E1_2_E2_4_Fric_9_load_0.tif
746,0.14,0.15,8,45.0,6,15.92,1.5110299999999999,Snaking_E1_2_E2_4_Fric_9_load_1.tif
747,0.14,0.15,10,45.0,5,19.54,2.3497,Snaking_E1_2_E2_4_Fric_9_load_2.tif
748,0.14,0.15,12,45.0,5,35.41,2.6000400000000004,Snaking_E1_2_E2_4_Fric_9_load_3.tif
749,0.14,0.15,14,45.0,9,41.62,2.52688,Snaking_E1_2_E2_4_Fric_9_load_4.tif
750,0.16,0.07,6,0.01,5,9.38,0.411367,Snaking_E1_3_E2_0_Fric_0_load_0.tif
751,0.16,0.07,8,0.01,8,29.6,2.2833,Snaking_E1_3_E2_0_Fric_0_load_1.tif
752,0.16,0.07,10,0.01,7,37.47,2.62301,Snaking_E1_3_E2_0_Fric_0_load_2.tif
753,0.16,0.07,12,0.01,9,41.48,2.44044,Snaking_E1_3_E2_0_Fric_0_load_3.tif
754,0.16,0.07,14,0.01,6,43.39,2.71334,Snaking_E1_3_E2_0_Fric_0_load_4.tif
755,0.16,0.07,6,5.0,5,10.39,0.609406,Snaking_E1_3_E2_0_Fric_1_load_0.tif
756,0.16,0.07,8,5.0,9,27.49,2.10491,Snaking_E1_3_E2_0_Fric_1_load_1.tif
757,0.16,0.07,10,5.0,9,31.3,2.44271,Snaking_E1_3_E2_0_Fric_1_load_2.tif
758,0.16,0.07,12,5.0,10,39.92,3.27472,Snaking_E1_3_E2_0_Fric_1_load_3.tif
759,0.16,0.07,14,5.0,7,47.39,2.71569,Snaking_E1_3_E2_0_Fric_1_load_4.tif
760,0.16,0.07,6,10.0,5,9.91,0.5991479999999999,Snaking_E1_3_E2_0_Fric_2_load_0.tif
761,0.16,0.07,8,10.0,10,27.4,1.29578,Snaking_E1_3_E2_0_Fric_2_load_1.tif
762,0.16,0.07,10,10.0,9,34.19,2.96863,Snaking_E1_3_E2_0_Fric_2_load_2.tif
763,0.16,0.07,12,10.0,8,39.99,4.0648,Snaking_E1_3_E2_0_Fric_2_load_3.tif
764,0.16,0.07,14,10.0,8,45.92,2.42678,Snaking_E1_3_E2_0_Fric_2_load_4.tif
765,0.16,0.07,6,15.0,5,9.89,0.590657,Snaking_E1_3_E2_0_Fric_3_load_0.tif
766,0.16,0.07,8,15.0,10,29.52,2.013,Snaking_E1_3_E2_0_Fric_3_load_1.tif
767,0.16,0.07,10,15.0,9,35.3,2.7155099999999996,Snaking_E1_3_E2_0_Fric_3_load_2.tif
768,0.16,0.07,12,15.0,6,44.14,2.54619,Snaking_E1_3_E2_0_Fric_3_load_3.tif
769,0.16,0.07,14,15.0,5,24.5,3.51027,Snaking_E1_3_E2_0_Fric_3_load_4.tif
770,0.16,0.07,6,20.0,5,9.39,0.455349,Snaking_E1_3_E2_0_Fric_4_load_0.tif
771,0.16,0.07,8,20.0,10,27.47,1.21131,Snaking_E1_3_E2_0_Fric_4_load_1.tif
772,0.16,0.07,10,20.0,8,33.47,2.3536599999999996,Snaking_E1_3_E2_0_Fric_4_load_2.tif
773,0.16,0.07,12,20.0,9,35.88,2.74837,Snaking_E1_3_E2_0_Fric_4_load_3.tif
774,0.16,0.07,14,20.0,8,45.8,4.01642,Snaking_E1_3_E2_0_Fric_4_load_4.tif
775,0.16,0.07,6,25.0,5,9.39,0.45686899999999997,Snaking_E1_3_E2_0_Fric_5_load_0.tif
776,0.16,0.07,8,25.0,8,30.54,2.30891,Snaking_E1_3_E2_0_Fric_5_load_1.tif
777,0.16,0.07,10,25.0,10,34.25,2.8691299999999997,Snaking_E1_3_E2_0_Fric_5_load_2.tif
778,0.16,0.07,12,25.0,10,42.0,4.642530000000001,Snaking_E1_3_E2_0_Fric_5_load_3.tif
779,0.16,0.07,14,25.0,9,42.88,2.65065,Snaking_E1_3_E2_0_Fric_5_load_4.tif
780,0.16,0.07,6,30.0,5,10.37,0.695294,Snaking_E1_3_E2_0_Fric_6_load_0.tif
781,0.16,0.07,8,30.0,7,26.09,2.26744,Snaking_E1_3_E2_0_Fric_6_load_1.tif
782,0.16,0.07,10,30.0,11,37.63,2.57365,Snaking_E1_3_E2_0_Fric_6_load_2.tif
783,0.16,0.07,12,30.0,8,42.66,3.57902,Snaking_E1_3_E2_0_Fric_6_load_3.tif
784,0.16,0.07,14,30.0,8,47.27,5.996980000000001,Snaking_E1_3_E2_0_Fric_6_load_4.tif
785,0.16,0.07,6,35.0,5,9.39,0.45927799999999996,Snaking_E1_3_E2_0_Fric_7_load_0.tif
786,0.16,0.07,8,35.0,9,29.96,1.49886,Snaking_E1_3_E2_0_Fric_7_load_1.tif
787,0.16,0.07,10,35.0,8,33.2,3.20895,Snaking_E1_3_E2_0_Fric_7_load_2.tif
788,0.16,0.07,12,35.0,10,43.56,2.34823,Snaking_E1_3_E2_0_Fric_7_load_3.tif
789,0.16,0.07,14,35.0,5,24.03,2.77743,Snaking_E1_3_E2_0_Fric_7_load_4.tif
790,0.16,0.07,6,40.0,6,12.35,0.462334,Snaking_E1_3_E2_0_Fric_8_load_0.tif
791,0.16,0.07,8,40.0,7,29.63,2.33756,Snaking_E1_3_E2_0_Fric_8_load_1.tif
792,0.16,0.07,10,40.0,8,34.27,3.8418,Snaking_E1_3_E2_0_Fric_8_load_2.tif
793,0.16,0.07,12,40.0,6,43.58,3.05424,Snaking_E1_3_E2_0_Fric_8_load_3.tif
794,0.16,0.07,14,40.0,10,45.2,5.14842,Snaking_E1_3_E2_0_Fric_8_load_4.tif
795,0.16,0.07,6,45.0,6,12.36,0.46299799999999997,Snaking_E1_3_E2_0_Fric_9_load_0.tif
796,0.16,0.07,8,45.0,10,29.82,1.2325700000000002,Snaking_E1_3_E2_0_Fric_9_load_1.tif
797,0.16,0.07,10,45.0,10,36.24,1.8785,Snaking_E1_3_E2_0_Fric_9_load_2.tif
798,0.16,0.07,12,45.0,7,40.99,2.24622,Snaking_E1_3_E2_0_Fric_9_load_3.tif
799,0.16,0.07,14,45.0,8,44.19,4.90517,Snaking_E1_3_E2_0_Fric_9_load_4.tif
800,0.16,0.08,6,0.01,5,9.89,0.497148,Snaking_E1_3_E2_1_Fric_0_load_0.tif
801,0.16,0.08,8,0.01,7,25.58,2.10943,Snaking_E1_3_E2_1_Fric_0_load_1.tif
802,0.16,0.08,10,0.01,10,35.3,2.31365,Snaking_E1_3_E2_1_Fric_0_load_2.tif
803,0.16,0.08,12,0.01,9,44.65,3.32386,Snaking_E1_3_E2_1_Fric_0_load_3.tif
804,0.16,0.08,14,0.01,9,43.11,5.07413,Snaking_E1_3_E2_1_Fric_0_load_4.tif
805,0.16,0.08,6,5.0,5,9.88,0.49984300000000004,Snaking_E1_3_E2_1_Fric_1_load_0.tif
806,0.16,0.08,8,5.0,7,25.6,2.08755,Snaking_E1_3_E2_1_Fric_1_load_1.tif
807,0.16,0.08,10,5.0,8,34.22,2.63295,Snaking_E1_3_E2_1_Fric_1_load_2.tif
808,0.16,0.08,12,5.0,11,41.01,3.18571,Snaking_E1_3_E2_1_Fric_1_load_3.tif
809,0.16,0.08,14,5.0,10,43.69,2.5920799999999997,Snaking_E1_3_E2_1_Fric_1_load_4.tif
810,0.16,0.08,6,10.0,4,6.36,0.366546,Snaking_E1_3_E2_1_Fric_2_load_0.tif
811,0.16,0.08,8,10.0,8,25.0,2.2926599999999997,Snaking_E1_3_E2_1_Fric_2_load_1.tif
812,0.16,0.08,10,10.0,9,36.3,2.32354,Snaking_E1_3_E2_1_Fric_2_load_2.tif
813,0.16,0.08,12,10.0,4,18.49,2.98393,Snaking_E1_3_E2_1_Fric_2_load_3.tif
814,0.16,0.08,14,10.0,5,23.49,4.26052,Snaking_E1_3_E2_1_Fric_2_load_4.tif
815,0.16,0.08,6,15.0,5,9.89,0.577956,Snaking_E1_3_E2_1_Fric_3_load_0.tif
816,0.16,0.08,8,15.0,9,26.41,1.1494799999999998,Snaking_E1_3_E2_1_Fric_3_load_1.tif
817,0.16,0.08,10,15.0,9,34.77,3.25867,Snaking_E1_3_E2_1_Fric_3_load_2.tif
818,0.16,0.08,12,15.0,8,40.54,3.3624099999999997,Snaking_E1_3_E2_1_Fric_3_load_3.tif
819,0.16,0.08,14,15.0,9,46.87,2.7711900000000003,Snaking_E1_3_E2_1_Fric_3_load_4.tif
820,0.16,0.08,6,20.0,5,9.34,0.389058,Snaking_E1_3_E2_1_Fric_4_load_0.tif
821,0.16,0.08,8,20.0,9,26.38,1.4551,Snaking_E1_3_E2_1_Fric_4_load_1.tif
822,0.16,0.08,10,20.0,9,33.68,2.5192900000000003,Snaking_E1_3_E2_1_Fric_4_load_2.tif
823,0.16,0.08,12,20.0,5,39.05,2.83184,Snaking_E1_3_E2_1_Fric_4_load_3.tif
824,0.16,0.08,14,20.0,10,43.64,2.49955,Snaking_E1_3_E2_1_Fric_4_load_4.tif
825,0.16,0.08,6,25.0,5,9.36,0.395368,Snaking_E1_3_E2_1_Fric_5_load_0.tif
826,0.16,0.08,8,25.0,10,27.89,1.1802,Snaking_E1_3_E2_1_Fric_5_load_1.tif
827,0.16,0.08,10,25.0,10,35.68,2.97381,Snaking_E1_3_E2_1_Fric_5_load_2.tif
828,0.16,0.08,12,25.0,10,39.0,4.72118,Snaking_E1_3_E2_1_Fric_5_load_3.tif
829,0.16,0.08,14,25.0,7,39.94,2.2603,Snaking_E1_3_E2_1_Fric_5_load_4.tif
830,0.16,0.08,6,30.0,5,9.89,0.509097,Snaking_E1_3_E2_1_Fric_6_load_0.tif
831,0.16,0.08,8,30.0,10,30.04,2.14423,Snaking_E1_3_E2_1_Fric_6_load_1.tif
832,0.16,0.08,10,30.0,8,34.74,3.54179,Snaking_E1_3_E2_1_Fric_6_load_2.tif
833,0.16,0.08,12,30.0,8,42.78,3.39866,Snaking_E1_3_E2_1_Fric_6_load_3.tif
834,0.16,0.08,14,30.0,7,44.29,2.55038,Snaking_E1_3_E2_1_Fric_6_load_4.tif
835,0.16,0.08,6,35.0,5,9.37,0.39692,Snaking_E1_3_E2_1_Fric_7_load_0.tif
836,0.16,0.08,8,35.0,7,27.09,2.62094,Snaking_E1_3_E2_1_Fric_7_load_1.tif
837,0.16,0.08,10,35.0,7,34.77,2.09306,Snaking_E1_3_E2_1_Fric_7_load_2.tif
838,0.16,0.08,12,35.0,7,42.72,2.9416900000000004,Snaking_E1_3_E2_1_Fric_7_load_3.tif
839,0.16,0.08,14,35.0,10,46.28,5.63265,Snaking_E1_3_E2_1_Fric_7_load_4.tif
840,0.16,0.08,6,40.0,4,6.87,0.392032,Snaking_E1_3_E2_1_Fric_8_load_0.tif
841,0.16,0.08,8,40.0,10,26.92,1.39035,Snaking_E1_3_E2_1_Fric_8_load_1.tif
842,0.16,0.08,10,40.0,7,36.88,2.19375,Snaking_E1_3_E2_1_Fric_8_load_2.tif
843,0.16,0.08,12,40.0,6,38.02,2.80138,Snaking_E1_3_E2_1_Fric_8_load_3.tif
844,0.16,0.08,14,40.0,9,40.62,5.60958,Snaking_E1_3_E2_1_Fric_8_load_4.tif
845,0.16,0.08,6,45.0,5,9.91,0.593136,Snaking_E1_3_E2_1_Fric_9_load_0.tif
846,0.16,0.08,8,45.0,9,25.37,1.3298,Snaking_E1_3_E2_1_Fric_9_load_1.tif
847,0.16,0.08,10,45.0,10,35.27,2.7485,Snaking_E1_3_E2_1_Fric_9_load_2.tif
848,0.16,0.08,12,45.0,6,42.61,3.4934199999999995,Snaking_E1_3_E2_1_Fric_9_load_3.tif
849,0.16,0.08,14,45.0,9,40.48,3.8932599999999997,Snaking_E1_3_E2_1_Fric_9_load_4.tif
850,0.16,0.09,6,0.01,5,8.44,0.366314,Snaking_E1_3_E2_2_Fric_0_load_0.tif
851,0.16,0.09,8,0.01,8,22.4,1.6706400000000001,Snaking_E1_3_E2_2_Fric_0_load_1.tif
852,0.16,0.09,10,0.01,5,19.45,2.0743,Snaking_E1_3_E2_2_Fric_0_load_2.tif
853,0.16,0.09,12,0.01,10,37.09,4.3881,Snaking_E1_3_E2_2_Fric_0_load_3.tif
854,0.16,0.09,14,0.01,6,46.76,3.27665,Snaking_E1_3_E2_2_Fric_0_load_4.tif
855,0.16,0.09,6,5.0,5,8.84,0.391018,Snaking_E1_3_E2_2_Fric_1_load_0.tif
856,0.16,0.09,8,5.0,9,27.35,1.1954799999999999,Snaking_E1_3_E2_2_Fric_1_load_1.tif
857,0.16,0.09,10,5.0,6,21.51,2.81204,Snaking_E1_3_E2_2_Fric_1_load_2.tif
858,0.16,0.09,12,5.0,7,43.87,2.95093,Snaking_E1_3_E2_2_Fric_1_load_3.tif
859,0.16,0.09,14,5.0,10,45.43,3.5121900000000004,Snaking_E1_3_E2_2_Fric_1_load_4.tif
860,0.16,0.09,6,10.0,5,9.34,0.372621,Snaking_E1_3_E2_2_Fric_2_load_0.tif
861,0.16,0.09,8,10.0,8,27.97,2.1589099999999997,Snaking_E1_3_E2_2_Fric_2_load_1.tif
862,0.16,0.09,10,10.0,9,32.12,2.0606299999999997,Snaking_E1_3_E2_2_Fric_2_load_2.tif
863,0.16,0.09,12,10.0,12,42.05,2.54103,Snaking_E1_3_E2_2_Fric_2_load_3.tif
864,0.16,0.09,14,10.0,7,40.19,3.31506,Snaking_E1_3_E2_2_Fric_2_load_4.tif
865,0.16,0.09,6,15.0,5,9.37,0.434472,Snaking_E1_3_E2_2_Fric_3_load_0.tif
866,0.16,0.09,8,15.0,9,24.94,1.5826799999999999,Snaking_E1_3_E2_2_Fric_3_load_1.tif
867,0.16,0.09,10,15.0,10,33.73,2.19342,Snaking_E1_3_E2_2_Fric_3_load_2.tif
868,0.16,0.09,12,15.0,7,38.56,3.6041,Snaking_E1_3_E2_2_Fric_3_load_3.tif
869,0.16,0.09,14,15.0,5,28.17,5.2449699999999995,Snaking_E1_3_E2_2_Fric_3_load_4.tif
870,0.16,0.09,6,20.0,5,8.85,0.359662,Snaking_E1_3_E2_2_Fric_4_load_0.tif
871,0.16,0.09,8,20.0,6,24.08,2.13539,Snaking_E1_3_E2_2_Fric_4_load_1.tif
872,0.16,0.09,10,20.0,9,33.76,2.68467,Snaking_E1_3_E2_2_Fric_4_load_2.tif
873,0.16,0.09,12,20.0,7,42.5,4.8005,Snaking_E1_3_E2_2_Fric_4_load_3.tif
874,0.16,0.09,14,20.0,9,43.4,2.88375,Snaking_E1_3_E2_2_Fric_4_load_4.tif
875,0.16,0.09,6,25.0,5,9.85,0.441457,Snaking_E1_3_E2_2_Fric_5_load_0.tif
876,0.16,0.09,8,25.0,6,24.04,2.13058,Snaking_E1_3_E2_2_Fric_5_load_1.tif
877,0.16,0.09,10,25.0,7,35.27,2.2686599999999997,Snaking_E1_3_E2_2_Fric_5_load_2.tif
878,0.16,0.09,12,25.0,9,43.63,2.65357,Snaking_E1_3_E2_2_Fric_5_load_3.tif
879,0.16,0.09,14,25.0,9,41.57,3.70145,Snaking_E1_3_E2_2_Fric_5_load_4.tif
880,0.16,0.09,6,30.0,5,9.86,0.43432,Snaking_E1_3_E2_2_Fric_6_load_0.tif
881,0.16,0.09,8,30.0,8,29.03,1.99617,Snaking_E1_3_E2_2_Fric_6_load_1.tif
882,0.16,0.09,10,30.0,7,37.94,2.55883,Snaking_E1_3_E2_2_Fric_6_load_2.tif
883,0.16,0.09,12,30.0,7,42.99,3.08701,Snaking_E1_3_E2_2_Fric_6_load_3.tif
884,0.16,0.09,14,30.0,6,44.66,3.00875,Snaking_E1_3_E2_2_Fric_6_load_4.tif
885,0.16,0.09,6,35.0,5,9.36,0.40517,Snaking_E1_3_E2_2_Fric_7_load_0.tif
886,0.16,0.09,8,35.0,8,22.52,1.70518,Snaking_E1_3_E2_2_Fric_7_load_1.tif
887,0.16,0.09,10,35.0,10,36.74,2.65429,Snaking_E1_3_E2_2_Fric_7_load_2.tif
888,0.16,0.09,12,35.0,8,42.01,2.8462,Snaking_E1_3_E2_2_Fric_7_load_3.tif
889,0.16,0.09,14,35.0,6,45.75,2.78583,Snaking_E1_3_E2_2_Fric_7_load_4.tif
890,0.16,0.09,6,40.0,5,9.34,0.374728,Snaking_E1_3_E2_2_Fric_8_load_0.tif
891,0.16,0.09,8,40.0,8,27.43,2.10784,Snaking_E1_3_E2_2_Fric_8_load_1.tif
892,0.16,0.09,10,40.0,10,37.19,3.38006,Snaking_E1_3_E2_2_Fric_8_load_2.tif
893,0.16,0.09,12,40.0,6,38.56,2.78734,Snaking_E1_3_E2_2_Fric_8_load_3.tif
894,0.16,0.09,14,40.0,10,38.58,3.72565,Snaking_E1_3_E2_2_Fric_8_load_4.tif
895,0.16,0.09,6,45.0,5,8.85,0.36432,Snaking_E1_3_E2_2_Fric_9_load_0.tif
896,0.16,0.09,8,45.0,10,27.49,1.50314,Snaking_E1_3_E2_2_Fric_9_load_1.tif
897,0.16,0.09,10,45.0,11,37.29,3.3568800000000003,Snaking_E1_3_E2_2_Fric_9_load_2.tif
898,0.16,0.09,12,45.0,9,39.95,2.73513,Snaking_E1_3_E2_2_Fric_9_load_3.tif
899,0.16,0.09,14,45.0,11,44.86,2.9445099999999997,Snaking_E1_3_E2_2_Fric_9_load_4.tif
900,0.16,0.1,6,0.01,4,6.9,0.39734400000000003,Snaking_E1_3_E2_3_Fric_0_load_0.tif
901,0.16,0.1,8,0.01,10,27.37,0.9397629999999999,Snaking_E1_3_E2_3_Fric_0_load_1.tif
902,0.16,0.1,10,0.01,8,30.16,2.6855900000000004,Snaking_E1_3_E2_3_Fric_0_load_2.tif
903,0.16,0.1,12,0.01,9,40.51,2.71571,Snaking_E1_3_E2_3_Fric_0_load_3.tif
904,0.16,0.1,14,0.01,8,39.99,5.54341,Snaking_E1_3_E2_3_Fric_0_load_4.tif
905,0.16,0.1,6,5.0,4,6.87,0.408887,Snaking_E1_3_E2_3_Fric_1_load_0.tif
906,0.16,0.1,8,5.0,9,24.95,1.4113,Snaking_E1_3_E2_3_Fric_1_load_1.tif
907,0.16,0.1,10,5.0,6,31.83,2.2698099999999997,Snaking_E1_3_E2_3_Fric_1_load_2.tif
908,0.16,0.1,12,5.0,7,40.96,2.63885,Snaking_E1_3_E2_3_Fric_1_load_3.tif
909,0.16,0.1,14,5.0,10,43.7,4.5421,Snaking_E1_3_E2_3_Fric_1_load_4.tif
910,0.16,0.1,6,10.0,3,4.44,0.304112,Snaking_E1_3_E2_3_Fric_2_load_0.tif
911,0.16,0.1,8,10.0,9,24.42,1.25393,Snaking_E1_3_E2_3_Fric_2_load_1.tif
912,0.16,0.1,10,10.0,6,36.81,1.97282,Snaking_E1_3_E2_3_Fric_2_load_2.tif
913,0.16,0.1,12,10.0,10,38.48,2.36757,Snaking_E1_3_E2_3_Fric_2_load_3.tif
914,0.16,0.1,14,10.0,12,46.56,3.10757,Snaking_E1_3_E2_3_Fric_2_load_4.tif
915,0.16,0.1,6,15.0,3,4.44,0.290402,Snaking_E1_3_E2_3_Fric_3_load_0.tif
916,0.16,0.1,8,15.0,8,25.97,1.8351099999999998,Snaking_E1_3_E2_3_Fric_3_load_1.tif
917,0.16,0.1,10,15.0,8,35.29,2.39647,Snaking_E1_3_E2_3_Fric_3_load_2.tif
918,0.16,0.1,12,15.0,11,37.86,2.5767900000000004,Snaking_E1_3_E2_3_Fric_3_load_3.tif
919,0.16,0.1,14,15.0,7,45.26,3.7709900000000003,Snaking_E1_3_E2_3_Fric_3_load_4.tif
920,0.16,0.1,6,20.0,3,3.93,0.28632399999999997,Snaking_E1_3_E2_3_Fric_4_load_0.tif
921,0.16,0.1,8,20.0,8,26.37,1.48568,Snaking_E1_3_E2_3_Fric_4_load_1.tif
922,0.16,0.1,10,20.0,9,30.09,1.9091200000000002,Snaking_E1_3_E2_3_Fric_4_load_2.tif
923,0.16,0.1,12,20.0,6,38.03,2.95412,Snaking_E1_3_E2_3_Fric_4_load_3.tif
924,0.16,0.1,14,20.0,9,45.73,5.693630000000001,Snaking_E1_3_E2_3_Fric_4_load_4.tif
925,0.16,0.1,6,25.0,3,3.96,0.313295,Snaking_E1_3_E2_3_Fric_5_load_0.tif
926,0.16,0.1,8,25.0,8,28.0,1.9822799999999998,Snaking_E1_3_E2_3_Fric_5_load_1.tif
927,0.16,0.1,10,25.0,10,33.2,1.79928,Snaking_E1_3_E2_3_Fric_5_load_2.tif
928,0.16,0.1,12,25.0,8,38.55,2.37974,Snaking_E1_3_E2_3_Fric_5_load_3.tif
929,0.16,0.1,14,25.0,7,43.99,3.5925599999999998,Snaking_E1_3_E2_3_Fric_5_load_4.tif
930,0.16,0.1,6,30.0,5,9.36,0.369501,Snaking_E1_3_E2_3_Fric_6_load_0.tif
931,0.16,0.1,8,30.0,7,19.95,1.45163,Snaking_E1_3_E2_3_Fric_6_load_1.tif
932,0.16,0.1,10,30.0,10,36.73,2.1072900000000003,Snaking_E1_3_E2_3_Fric_6_load_2.tif
933,0.16,0.1,12,30.0,5,37.51,2.42938,Snaking_E1_3_E2_3_Fric_6_load_3.tif
934,0.16,0.1,14,30.0,6,46.82,2.89737,Snaking_E1_3_E2_3_Fric_6_load_4.tif
935,0.16,0.1,6,35.0,4,7.39,0.406231,Snaking_E1_3_E2_3_Fric_7_load_0.tif
936,0.16,0.1,8,35.0,9,26.96,1.16346,Snaking_E1_3_E2_3_Fric_7_load_1.tif
937,0.16,0.1,10,35.0,5,20.55,2.80335,Snaking_E1_3_E2_3_Fric_7_load_2.tif
938,0.16,0.1,12,35.0,5,23.65,2.84453,Snaking_E1_3_E2_3_Fric_7_load_3.tif
939,0.16,0.1,14,35.0,6,43.6,3.0383400000000003,Snaking_E1_3_E2_3_Fric_7_load_4.tif
940,0.16,0.1,6,40.0,4,6.92,0.387949,Snaking_E1_3_E2_3_Fric_8_load_0.tif
941,0.16,0.1,8,40.0,8,27.9,1.99345,Snaking_E1_3_E2_3_Fric_8_load_1.tif
942,0.16,0.1,10,40.0,10,34.22,2.27219,Snaking_E1_3_E2_3_Fric_8_load_2.tif
943,0.16,0.1,12,40.0,9,42.45,3.73765,Snaking_E1_3_E2_3_Fric_8_load_3.tif
944,0.16,0.1,14,40.0,10,43.11,3.9143199999999996,Snaking_E1_3_E2_3_Fric_8_load_4.tif
945,0.16,0.1,6,45.0,4,7.37,0.37992,Snaking_E1_3_E2_3_Fric_9_load_0.tif
946,0.16,0.1,8,45.0,7,23.98,2.1093599999999997,Snaking_E1_3_E2_3_Fric_9_load_1.tif
947,0.16,0.1,10,45.0,10,36.29,2.3809400000000003,Snaking_E1_3_E2_3_Fric_9_load_2.tif
948,0.16,0.1,12,45.0,11,43.26,2.8967,Snaking_E1_3_E2_3_Fric_9_load_3.tif
949,0.16,0.1,14,45.0,7,39.89,4.321680000000001,Snaking_E1_3_E2_3_Fric_9_load_4.tif
950,0.16,0.15,6,0.01,0,0.0,0.0,Snaking_E1_3_E2_4_Fric_0_load_0.tif
951,0.16,0.15,8,0.01,7,21.38,1.2206,Snaking_E1_3_E2_4_Fric_0_load_1.tif
952,0.16,0.15,10,0.01,9,32.02,1.6439099999999998,Snaking_E1_3_E2_4_Fric_0_load_2.tif
953,0.16,0.15,12,0.01,5,37.96,3.2155,Snaking_E1_3_E2_4_Fric_0_load_3.tif
954,0.16,0.15,14,0.01,6,21.95,2.85398,Snaking_E1_3_E2_4_Fric_0_load_4.tif
955,0.16,0.15,6,5.0,0,0.0,0.0,Snaking_E1_3_E2_4_Fric_1_load_0.tif
956,0.16,0.15,8,5.0,6,16.4,1.33681,Snaking_E1_3_E2_4_Fric_1_load_1.tif
957,0.16,0.15,10,5.0,8,35.64,1.9648700000000001,Snaking_E1_3_E2_4_Fric_1_load_2.tif
958,0.16,0.15,12,5.0,10,39.22,2.1421900000000003,Snaking_E1_3_E2_4_Fric_1_load_3.tif
959,0.16,0.15,14,5.0,6,42.59,3.2088,Snaking_E1_3_E2_4_Fric_1_load_4.tif
960,0.16,0.15,6,10.0,0,0.0,0.0,Snaking_E1_3_E2_4_Fric_2_load_0.tif
961,0.16,0.15,8,10.0,8,23.78,1.0514299999999999,Snaking_E1_3_E2_4_Fric_2_load_1.tif
962,0.16,0.15,10,10.0,9,31.2,2.4011400000000003,Snaking_E1_3_E2_4_Fric_2_load_2.tif
963,0.16,0.15,12,10.0,9,39.78,2.87318,Snaking_E1_3_E2_4_Fric_2_load_3.tif
964,0.16,0.15,14,10.0,8,43.89,3.4187199999999995,Snaking_E1_3_E2_4_Fric_2_load_4.tif
965,0.16,0.15,6,15.0,0,0.0,0.0,Snaking_E1_3_E2_4_Fric_3_load_0.tif
966,0.16,0.15,8,15.0,8,20.34,0.969102,Snaking_E1_3_E2_4_Fric_3_load_1.tif
967,0.16,0.15,10,15.0,8,34.8,2.52461,Snaking_E1_3_E2_4_Fric_3_load_2.tif
968,0.16,0.15,12,15.0,10,37.94,2.29581,Snaking_E1_3_E2_4_Fric_3_load_3.tif
969,0.16,0.15,14,15.0,4,23.74,6.19484,Snaking_E1_3_E2_4_Fric_3_load_4.tif
970,0.16,0.15,6,20.0,0,0.0,0.0,Snaking_E1_3_E2_4_Fric_4_load_0.tif
971,0.16,0.15,8,20.0,6,16.45,1.4388299999999998,Snaking_E1_3_E2_4_Fric_4_load_1.tif
972,0.16,0.15,10,20.0,7,35.26,2.25074,Snaking_E1_3_E2_4_Fric_4_load_2.tif
973,0.16,0.15,12,20.0,6,37.88,2.97569,Snaking_E1_3_E2_4_Fric_4_load_3.tif
974,0.16,0.15,14,20.0,5,42.55,3.11004,Snaking_E1_3_E2_4_Fric_4_load_4.tif
975,0.16,0.15,6,25.0,0,0.0,0.0,Snaking_E1_3_E2_4_Fric_5_load_0.tif
976,0.16,0.15,8,25.0,6,16.44,1.4585700000000001,Snaking_E1_3_E2_4_Fric_5_load_1.tif
977,0.16,0.15,10,25.0,9,34.13,1.94288,Snaking_E1_3_E2_4_Fric_5_load_2.tif
978,0.16,0.15,12,25.0,6,40.8,2.57421,Snaking_E1_3_E2_4_Fric_5_load_3.tif
979,0.16,0.15,14,25.0,10,46.37,4.47614,Snaking_E1_3_E2_4_Fric_5_load_4.tif
980,0.16,0.15,6,30.0,0,0.0,0.0,Snaking_E1_3_E2_4_Fric_6_load_0.tif
981,0.16,0.15,8,30.0,6,16.44,1.5521200000000002,Snaking_E1_3_E2_4_Fric_6_load_1.tif
982,0.16,0.15,10,30.0,6,31.75,2.43802,Snaking_E1_3_E2_4_Fric_6_load_2.tif
983,0.16,0.15,12,30.0,8,38.68,2.8269,Snaking_E1_3_E2_4_Fric_6_load_3.tif
984,0.16,0.15,14,30.0,4,20.01,3.08174,Snaking_E1_3_E2_4_Fric_6_load_4.tif
985,0.16,0.15,6,35.0,0,0.0,0.0,Snaking_E1_3_E2_4_Fric_7_load_0.tif
986,0.16,0.15,8,35.0,6,16.43,1.42412,Snaking_E1_3_E2_4_Fric_7_load_1.tif
987,0.16,0.15,10,35.0,10,33.62,2.19339,Snaking_E1_3_E2_4_Fric_7_load_2.tif
988,0.16,0.15,12,35.0,6,25.13,2.86401,Snaking_E1_3_E2_4_Fric_7_load_3.tif
989,0.16,0.15,14,35.0,7,42.06,2.7294400000000003,Snaking_E1_3_E2_4_Fric_7_load_4.tif
990,0.16,0.15,6,40.0,0,0.0,0.0,Snaking_E1_3_E2_4_Fric_8_load_0.tif
991,0.16,0.15,8,40.0,7,17.35,0.899834,Snaking_E1_3_E2_4_Fric_8_load_1.tif
992,0.16,0.15,10,40.0,9,32.67,1.61927,Snaking_E1_3_E2_4_Fric_8_load_2.tif
993,0.16,0.15,12,40.0,10,40.85,2.89681,Snaking_E1_3_E2_4_Fric_8_load_3.tif
994,0.16,0.15,14,40.0,7,39.3,5.11736,Snaking_E1_3_E2_4_Fric_8_load_4.tif
995,0.16,0.15,6,45.0,0,0.0,0.0,Snaking_E1_3_E2_4_Fric_9_load_0.tif
996,0.16,0.15,8,45.0,6,15.93,1.39826,Snaking_E1_3_E2_4_Fric_9_load_1.tif
997,0.16,0.15,10,45.0,10,33.4,1.62766,Snaking_E1_3_E2_4_Fric_9_load_2.tif
998,0.16,0.15,12,45.0,10,39.26,2.3532900000000003,Snaking_E1_3_E2_4_Fric_9_load_3.tif
999,0.16,0.15,14,45.0,7,42.57,3.50222,Snaking_E1_3_E2_4_Fric_9_load_4.tif
1000,0.18,0.07,6,0.01,5,8.89,0.358352,Snaking_E1_4_E2_0_Fric_0_load_0.tif
1001,0.18,0.07,8,0.01,8,26.45,1.7573599999999998,Snaking_E1_4_E2_0_Fric_0_load_1.tif
1002,0.18,0.07,10,0.01,6,34.83,2.48928,Snaking_E1_4_E2_0_Fric_0_load_2.tif
1003,0.18,0.07,12,0.01,7,41.97,4.6059,Snaking_E1_4_E2_0_Fric_0_load_3.tif
1004,0.18,0.07,14,0.01,9,39.98,4.74145,Snaking_E1_4_E2_0_Fric_0_load_4.tif
1005,0.18,0.07,6,5.0,4,6.44,0.31681,Snaking_E1_4_E2_0_Fric_1_load_0.tif
1006,0.18,0.07,8,5.0,7,21.98,2.03823,Snaking_E1_4_E2_0_Fric_1_load_1.tif
1007,0.18,0.07,10,5.0,7,37.28,2.35707,Snaking_E1_4_E2_0_Fric_1_load_2.tif
1008,0.18,0.07,12,5.0,10,38.44,3.90591,Snaking_E1_4_E2_0_Fric_1_load_3.tif
1009,0.18,0.07,14,5.0,6,41.44,3.6348300000000004,Snaking_E1_4_E2_0_Fric_1_load_4.tif
1010,0.18,0.07,6,10.0,4,6.44,0.347813,Snaking_E1_4_E2_0_Fric_2_load_0.tif
1011,0.18,0.07,8,10.0,6,23.01,1.77663,Snaking_E1_4_E2_0_Fric_2_load_1.tif
1012,0.18,0.07,10,10.0,6,35.85,2.6684200000000002,Snaking_E1_4_E2_0_Fric_2_load_2.tif
1013,0.18,0.07,12,10.0,10,39.46,2.69192,Snaking_E1_4_E2_0_Fric_2_load_3.tif
1014,0.18,0.07,14,10.0,9,44.09,3.41859,Snaking_E1_4_E2_0_Fric_2_load_4.tif
1015,0.18,0.07,6,15.0,4,6.43,0.366462,Snaking_E1_4_E2_0_Fric_3_load_0.tif
1016,0.18,0.07,8,15.0,9,27.45,2.0608,Snaking_E1_4_E2_0_Fric_3_load_1.tif
1017,0.18,0.07,10,15.0,6,20.96,2.29996,Snaking_E1_4_E2_0_Fric_3_load_2.tif
1018,0.18,0.07,12,15.0,6,38.07,2.65115,Snaking_E1_4_E2_0_Fric_3_load_3.tif
1019,0.18,0.07,14,15.0,9,44.96,3.07443,Snaking_E1_4_E2_0_Fric_3_load_4.tif
1020,0.18,0.07,6,20.0,5,8.89,0.357268,Snaking_E1_4_E2_0_Fric_4_load_0.tif
1021,0.18,0.07,8,20.0,7,17.99,1.68497,Snaking_E1_4_E2_0_Fric_4_load_1.tif
1022,0.18,0.07,10,20.0,6,34.85,2.72832,Snaking_E1_4_E2_0_Fric_4_load_2.tif
1023,0.18,0.07,12,20.0,9,39.29,2.89745,Snaking_E1_4_E2_0_Fric_4_load_3.tif
1024,0.18,0.07,14,20.0,6,46.8,5.99935,Snaking_E1_4_E2_0_Fric_4_load_4.tif
1025,0.18,0.07,6,25.0,5,9.35,0.394622,Snaking_E1_4_E2_0_Fric_5_load_0.tif
1026,0.18,0.07,8,25.0,7,23.04,1.9473099999999999,Snaking_E1_4_E2_0_Fric_5_load_1.tif
1027,0.18,0.07,10,25.0,6,35.77,2.4232400000000003,Snaking_E1_4_E2_0_Fric_5_load_2.tif
1028,0.18,0.07,12,25.0,10,35.78,3.6383099999999997,Snaking_E1_4_E2_0_Fric_5_load_3.tif
1029,0.18,0.07,14,25.0,8,41.48,3.72939,Snaking_E1_4_E2_0_Fric_5_load_4.tif
1030,0.18,0.07,6,30.0,4,6.43,0.334061,Snaking_E1_4_E2_0_Fric_6_load_0.tif
1031,0.18,0.07,8,30.0,8,28.5,2.2013700000000003,Snaking_E1_4_E2_0_Fric_6_load_1.tif
1032,0.18,0.07,10,30.0,9,33.25,2.05067,Snaking_E1_4_E2_0_Fric_6_load_2.tif
1033,0.18,0.07,12,30.0,10,38.08,2.98866,Snaking_E1_4_E2_0_Fric_6_load_3.tif
1034,0.18,0.07,14,30.0,7,46.85,2.43132,Snaking_E1_4_E2_0_Fric_6_load_4.tif
1035,0.18,0.07,6,35.0,5,8.91,0.38406399999999996,Snaking_E1_4_E2_0_Fric_7_load_0.tif
1036,0.18,0.07,8,35.0,9,26.36,0.938426,Snaking_E1_4_E2_0_Fric_7_load_1.tif
1037,0.18,0.07,10,35.0,9,36.8,1.9786299999999999,Snaking_E1_4_E2_0_Fric_7_load_2.tif
1038,0.18,0.07,12,35.0,4,19.58,2.6105,Snaking_E1_4_E2_0_Fric_7_load_3.tif
1039,0.18,0.07,14,35.0,7,44.15,3.3273099999999998,Snaking_E1_4_E2_0_Fric_7_load_4.tif
1040,0.18,0.07,6,40.0,5,9.35,0.426066,Snaking_E1_4_E2_0_Fric_8_load_0.tif
1041,0.18,0.07,8,40.0,8,27.45,2.17597,Snaking_E1_4_E2_0_Fric_8_load_1.tif
1042,0.18,0.07,10,40.0,9,36.84,2.12265,Snaking_E1_4_E2_0_Fric_8_load_2.tif
1043,0.18,0.07,12,40.0,6,39.14,2.60102,Snaking_E1_4_E2_0_Fric_8_load_3.tif
1044,0.18,0.07,14,40.0,9,42.54,2.37373,Snaking_E1_4_E2_0_Fric_8_load_4.tif
1045,0.18,0.07,6,45.0,4,6.45,0.363021,Snaking_E1_4_E2_0_Fric_9_load_0.tif
1046,0.18,0.07,8,45.0,7,20.93,1.58671,Snaking_E1_4_E2_0_Fric_9_load_1.tif
1047,0.18,0.07,10,45.0,9,35.26,2.46245,Snaking_E1_4_E2_0_Fric_9_load_2.tif
1048,0.18,0.07,12,45.0,7,41.6,2.85688,Snaking_E1_4_E2_0_Fric_9_load_3.tif
1049,0.18,0.07,14,45.0,9,44.81,5.32985,Snaking_E1_4_E2_0_Fric_9_load_4.tif
1050,0.18,0.08,6,0.01,2,1.97,0.24621700000000002,Snaking_E1_4_E2_1_Fric_0_load_0.tif
1051,0.18,0.08,8,0.01,10,25.84,1.1114600000000001,Snaking_E1_4_E2_1_Fric_0_load_1.tif
1052,0.18,0.08,10,0.01,6,35.16,2.50713,Snaking_E1_4_E2_1_Fric_0_load_2.tif
1053,0.18,0.08,12,0.01,10,40.92,3.81947,Snaking_E1_4_E2_1_Fric_0_load_3.tif
1054,0.18,0.08,14,0.01,9,41.57,3.00905,Snaking_E1_4_E2_1_Fric_0_load_4.tif
1055,0.18,0.08,6,5.0,4,6.93,0.384302,Snaking_E1_4_E2_1_Fric_1_load_0.tif
1056,0.18,0.08,8,5.0,8,26.91,1.84349,Snaking_E1_4_E2_1_Fric_1_load_1.tif
1057,0.18,0.08,10,5.0,9,31.33,1.9304700000000001,Snaking_E1_4_E2_1_Fric_1_load_2.tif
1058,0.18,0.08,12,5.0,7,41.09,2.99397,Snaking_E1_4_E2_1_Fric_1_load_3.tif
1059,0.18,0.08,14,5.0,5,23.52,3.27542,Snaking_E1_4_E2_1_Fric_1_load_4.tif
1060,0.18,0.08,6,10.0,2,1.97,0.266919,Snaking_E1_4_E2_1_Fric_2_load_0.tif
1061,0.18,0.08,8,10.0,6,17.97,1.27915,Snaking_E1_4_E2_1_Fric_2_load_1.tif
1062,0.18,0.08,10,10.0,5,19.96,2.0549,Snaking_E1_4_E2_1_Fric_2_load_2.tif
1063,0.18,0.08,12,10.0,7,43.57,2.33702,Snaking_E1_4_E2_1_Fric_2_load_3.tif
1064,0.18,0.08,14,10.0,6,44.06,3.68634,Snaking_E1_4_E2_1_Fric_2_load_4.tif
1065,0.18,0.08,6,15.0,4,6.41,0.364332,Snaking_E1_4_E2_1_Fric_3_load_0.tif
1066,0.18,0.08,8,15.0,8,26.9,1.7779200000000002,Snaking_E1_4_E2_1_Fric_3_load_1.tif
1067,0.18,0.08,10,15.0,6,35.86,2.63184,Snaking_E1_4_E2_1_Fric_3_load_2.tif
1068,0.18,0.08,12,15.0,8,38.0,3.05387,Snaking_E1_4_E2_1_Fric_3_load_3.tif
1069,0.18,0.08,14,15.0,13,48.14,3.29538,Snaking_E1_4_E2_1_Fric_3_load_4.tif
1070,0.18,0.08,6,20.0,2,1.96,0.239892,Snaking_E1_4_E2_1_Fric_4_load_0.tif
1071,0.18,0.08,8,20.0,8,23.97,2.03797,Snaking_E1_4_E2_1_Fric_4_load_1.tif
1072,0.18,0.08,10,20.0,6,34.34,2.6823799999999998,Snaking_E1_4_E2_1_Fric_4_load_2.tif
1073,0.18,0.08,12,20.0,6,42.0,2.64462,Snaking_E1_4_E2_1_Fric_4_load_3.tif
1074,0.18,0.08,14,20.0,11,46.02,3.15116,Snaking_E1_4_E2_1_Fric_4_load_4.tif
1075,0.18,0.08,6,25.0,5,9.38,0.3898,Snaking_E1_4_E2_1_Fric_5_load_0.tif
1076,0.18,0.08,8,25.0,8,22.41,1.59616,Snaking_E1_4_E2_1_Fric_5_load_1.tif
1077,0.18,0.08,10,25.0,5,32.27,2.60829,Snaking_E1_4_E2_1_Fric_5_load_2.tif
1078,0.18,0.08,12,25.0,6,27.05,2.3855,Snaking_E1_4_E2_1_Fric_5_load_3.tif
1079,0.18,0.08,14,25.0,6,40.04,3.49145,Snaking_E1_4_E2_1_Fric_5_load_4.tif
1080,0.18,0.08,6,30.0,4,6.94,0.356001,Snaking_E1_4_E2_1_Fric_6_load_0.tif
1081,0.18,0.08,8,30.0,7,18.99,2.0897900000000003,Snaking_E1_4_E2_1_Fric_6_load_1.tif
1082,0.18,0.08,10,30.0,10,35.24,2.9184,Snaking_E1_4_E2_1_Fric_6_load_2.tif
1083,0.18,0.08,12,30.0,11,42.0,2.7816,Snaking_E1_4_E2_1_Fric_6_load_3.tif
1084,0.18,0.08,14,30.0,4,21.53,3.37246,Snaking_E1_4_E2_1_Fric_6_load_4.tif
1085,0.18,0.08,6,35.0,4,6.43,0.321203,Snaking_E1_4_E2_1_Fric_7_load_0.tif
1086,0.18,0.08,8,35.0,9,25.44,1.67956,Snaking_E1_4_E2_1_Fric_7_load_1.tif
1087,0.18,0.08,10,35.0,10,34.75,2.69956,Snaking_E1_4_E2_1_Fric_7_load_2.tif
1088,0.18,0.08,12,35.0,6,26.57,3.2598700000000003,Snaking_E1_4_E2_1_Fric_7_load_3.tif
1089,0.18,0.08,14,35.0,8,44.03,5.36295,Snaking_E1_4_E2_1_Fric_7_load_4.tif
1090,0.18,0.08,6,40.0,4,6.44,0.387148,Snaking_E1_4_E2_1_Fric_8_load_0.tif
1091,0.18,0.08,8,40.0,8,26.91,1.8192700000000002,Snaking_E1_4_E2_1_Fric_8_load_1.tif
1092,0.18,0.08,10,40.0,6,30.76,2.7671099999999997,Snaking_E1_4_E2_1_Fric_8_load_2.tif
1093,0.18,0.08,12,40.0,8,38.36,4.07728,Snaking_E1_4_E2_1_Fric_8_load_3.tif
1094,0.18,0.08,14,40.0,9,41.44,5.48296,Snaking_E1_4_E2_1_Fric_8_load_4.tif
1095,0.18,0.08,6,45.0,4,6.94,0.36023499999999997,Snaking_E1_4_E2_1_Fric_9_load_0.tif
1096,0.18,0.08,8,45.0,9,26.84,1.06312,Snaking_E1_4_E2_1_Fric_9_load_1.tif
1097,0.18,0.08,10,45.0,7,35.77,2.11037,Snaking_E1_4_E2_1_Fric_9_load_2.tif
1098,0.18,0.08,12,45.0,6,37.54,2.75763,Snaking_E1_4_E2_1_Fric_9_load_3.tif
1099,0.18,0.08,14,45.0,11,43.42,3.15784,Snaking_E1_4_E2_1_Fric_9_load_4.tif
1100,0.18,0.09,6,0.01,3,4.45,0.28563099999999997,Snaking_E1_4_E2_2_Fric_0_load_0.tif
1101,0.18,0.09,8,0.01,9,25.42,1.2798,Snaking_E1_4_E2_2_Fric_0_load_1.tif
1102,0.18,0.09,10,0.01,9,33.08,1.63273,Snaking_E1_4_E2_2_Fric_0_load_2.tif
1103,0.18,0.09,12,0.01,8,37.19,2.52563,Snaking_E1_4_E2_2_Fric_0_load_3.tif
1104,0.18,0.09,14,0.01,7,33.73,2.91953,Snaking_E1_4_E2_2_Fric_0_load_4.tif
1105,0.18,0.09,6,5.0,2,1.96,0.23883200000000002,Snaking_E1_4_E2_2_Fric_1_load_0.tif
1106,0.18,0.09,8,5.0,6,15.95,1.6580400000000002,Snaking_E1_4_E2_2_Fric_1_load_1.tif
1107,0.18,0.09,10,5.0,10,35.25,2.53242,Snaking_E1_4_E2_2_Fric_1_load_2.tif
1108,0.18,0.09,12,5.0,5,37.47,2.667,Snaking_E1_4_E2_2_Fric_1_load_3.tif
1109,0.18,0.09,14,5.0,8,40.18,2.8546,Snaking_E1_4_E2_2_Fric_1_load_4.tif
1110,0.18,0.09,6,10.0,0,0.0,0.0,Snaking_E1_4_E2_2_Fric_2_load_0.tif
1111,0.18,0.09,8,10.0,8,21.37,1.32108,Snaking_E1_4_E2_2_Fric_2_load_1.tif
1112,0.18,0.09,10,10.0,9,36.33,1.94438,Snaking_E1_4_E2_2_Fric_2_load_2.tif
1113,0.18,0.09,12,10.0,6,37.94,3.6491,Snaking_E1_4_E2_2_Fric_2_load_3.tif
1114,0.18,0.09,14,10.0,6,38.79,3.66281,Snaking_E1_4_E2_2_Fric_2_load_4.tif
1115,0.18,0.09,6,15.0,4,6.44,0.35075100000000003,Snaking_E1_4_E2_2_Fric_3_load_0.tif
1116,0.18,0.09,8,15.0,7,23.79,1.29294,Snaking_E1_4_E2_2_Fric_3_load_1.tif
1117,0.18,0.09,10,15.0,8,33.31,2.74895,Snaking_E1_4_E2_2_Fric_3_load_2.tif
1118,0.18,0.09,12,15.0,4,17.96,2.5492,Snaking_E1_4_E2_2_Fric_3_load_3.tif
1119,0.18,0.09,14,15.0,8,46.69,3.9016800000000003,Snaking_E1_4_E2_2_Fric_3_load_4.tif
1120,0.18,0.09,6,20.0,4,6.43,0.30275100000000005,Snaking_E1_4_E2_2_Fric_4_load_0.tif
1121,0.18,0.09,8,20.0,9,26.89,1.07875,Snaking_E1_4_E2_2_Fric_4_load_1.tif
1122,0.18,0.09,10,20.0,9,32.63,1.67892,Snaking_E1_4_E2_2_Fric_4_load_2.tif
1123,0.18,0.09,12,20.0,8,38.39,3.4296699999999998,Snaking_E1_4_E2_2_Fric_4_load_3.tif
1124,0.18,0.09,14,20.0,6,48.69,2.8160000000000003,Snaking_E1_4_E2_2_Fric_4_load_4.tif
1125,0.18,0.09,6,25.0,0,0.0,0.0,Snaking_E1_4_E2_2_Fric_5_load_0.tif
1126,0.18,0.09,8,25.0,7,18.94,1.7520799999999999,Snaking_E1_4_E2_2_Fric_5_load_1.tif
1127,0.18,0.09,10,25.0,10,35.77,2.3322700000000003,Snaking_E1_4_E2_2_Fric_5_load_2.tif
1128,0.18,0.09,12,25.0,9,36.76,2.70439,Snaking_E1_4_E2_2_Fric_5_load_3.tif
1129,0.18,0.09,14,25.0,4,23.07,3.7694199999999998,Snaking_E1_4_E2_2_Fric_5_load_4.tif
1130,0.18,0.09,6,30.0,2,1.97,0.263351,Snaking_E1_4_E2_2_Fric_6_load_0.tif
1131,0.18,0.09,8,30.0,6,16.45,1.58944,Snaking_E1_4_E2_2_Fric_6_load_1.tif
1132,0.18,0.09,10,30.0,10,32.09,1.62347,Snaking_E1_4_E2_2_Fric_6_load_2.tif
1133,0.18,0.09,12,30.0,4,17.49,2.36701,Snaking_E1_4_E2_2_Fric_6_load_3.tif
1134,0.18,0.09,14,30.0,8,34.5,6.151680000000001,Snaking_E1_4_E2_2_Fric_6_load_4.tif
1135,0.18,0.09,6,35.0,2,2.46,0.256178,Snaking_E1_4_E2_2_Fric_7_load_0.tif
1136,0.18,0.09,8,35.0,9,26.46,1.8089,Snaking_E1_4_E2_2_Fric_7_load_1.tif
1137,0.18,0.09,10,35.0,9,32.79,3.26593,Snaking_E1_4_E2_2_Fric_7_load_2.tif
1138,0.18,0.09,12,35.0,8,41.74,2.81671,Snaking_E1_4_E2_2_Fric_7_load_3.tif
1139,0.18,0.09,14,35.0,9,44.04,2.68532,Snaking_E1_4_E2_2_Fric_7_load_4.tif
1140,0.18,0.09,6,40.0,1,0.0,0.22072399999999998,Snaking_E1_4_E2_2_Fric_8_load_0.tif
1141,0.18,0.09,8,40.0,8,23.39,1.59511,Snaking_E1_4_E2_2_Fric_8_load_1.tif
1142,0.18,0.09,10,40.0,10,34.64,2.67395,Snaking_E1_4_E2_2_Fric_8_load_2.tif
1143,0.18,0.09,12,40.0,6,38.08,3.08529,Snaking_E1_4_E2_2_Fric_8_load_3.tif
1144,0.18,0.09,14,40.0,8,45.18,3.3088800000000003,Snaking_E1_4_E2_2_Fric_8_load_4.tif
1145,0.18,0.09,6,45.0,4,6.95,0.380329,Snaking_E1_4_E2_2_Fric_9_load_0.tif
1146,0.18,0.09,8,45.0,6,15.94,1.61798,Snaking_E1_4_E2_2_Fric_9_load_1.tif
1147,0.18,0.09,10,45.0,9,34.83,2.3744099999999997,Snaking_E1_4_E2_2_Fric_9_load_2.tif
1148,0.18,0.09,12,45.0,9,38.9,2.49933,Snaking_E1_4_E2_2_Fric_9_load_3.tif
1149,0.18,0.09,14,45.0,10,42.96,2.9150099999999997,Snaking_E1_4_E2_2_Fric_9_load_4.tif
1150,0.18,0.1,6,0.01,2,1.96,0.251652,Snaking_E1_4_E2_3_Fric_0_load_0.tif
1151,0.18,0.1,8,0.01,10,26.33,0.8634360000000001,Snaking_E1_4_E2_3_Fric_0_load_1.tif
1152,0.18,0.1,10,0.01,7,31.25,2.65912,Snaking_E1_4_E2_3_Fric_0_load_2.tif
1153,0.18,0.1,12,0.01,7,29.64,2.99724,Snaking_E1_4_E2_3_Fric_0_load_3.tif
1154,0.18,0.1,14,0.01,4,20.54,2.89628,Snaking_E1_4_E2_3_Fric_0_load_4.tif
1155,0.18,0.1,6,5.0,0,0.0,0.0,Snaking_E1_4_E2_3_Fric_1_load_0.tif
1156,0.18,0.1,8,5.0,7,22.83,1.34562,Snaking_E1_4_E2_3_Fric_1_load_1.tif
1157,0.18,0.1,10,5.0,10,34.21,2.14467,Snaking_E1_4_E2_3_Fric_1_load_2.tif
1158,0.18,0.1,12,5.0,7,26.12,2.66693,Snaking_E1_4_E2_3_Fric_1_load_3.tif
1159,0.18,0.1,14,5.0,4,20.51,2.89281,Snaking_E1_4_E2_3_Fric_1_load_4.tif
1160,0.18,0.1,6,10.0,0,0.0,0.0,Snaking_E1_4_E2_3_Fric_2_load_0.tif
1161,0.18,0.1,8,10.0,7,18.39,0.85593,Snaking_E1_4_E2_3_Fric_2_load_1.tif
1162,0.18,0.1,10,10.0,10,31.99,1.37909,Snaking_E1_4_E2_3_Fric_2_load_2.tif
1163,0.18,0.1,12,10.0,7,33.71,3.21212,Snaking_E1_4_E2_3_Fric_2_load_3.tif
1164,0.18,0.1,14,10.0,7,41.95,3.3735800000000005,Snaking_E1_4_E2_3_Fric_2_load_4.tif
1165,0.18,0.1,6,15.0,3,3.94,0.29085,Snaking_E1_4_E2_3_Fric_3_load_0.tif
1166,0.18,0.1,8,15.0,8,23.36,1.06659,Snaking_E1_4_E2_3_Fric_3_load_1.tif
1167,0.18,0.1,10,15.0,10,32.04,1.7809599999999999,Snaking_E1_4_E2_3_Fric_3_load_2.tif
1168,0.18,0.1,12,15.0,11,36.27,2.08257,Snaking_E1_4_E2_3_Fric_3_load_3.tif
1169,0.18,0.1,14,15.0,8,44.56,2.39292,Snaking_E1_4_E2_3_Fric_3_load_4.tif
1170,0.18,0.1,6,20.0,0,0.0,0.0,Snaking_E1_4_E2_3_Fric_4_load_0.tif
1171,0.18,0.1,8,20.0,9,24.39,1.21187,Snaking_E1_4_E2_3_Fric_4_load_1.tif
1172,0.18,0.1,10,20.0,6,32.27,2.65687,Snaking_E1_4_E2_3_Fric_4_load_2.tif
1173,0.18,0.1,12,20.0,8,42.97,4.4476,Snaking_E1_4_E2_3_Fric_4_load_3.tif
1174,0.18,0.1,14,20.0,4,27.17,2.79956,Snaking_E1_4_E2_3_Fric_4_load_4.tif
1175,0.18,0.1,6,25.0,2,1.97,0.26566100000000004,Snaking_E1_4_E2_3_Fric_5_load_0.tif
1176,0.18,0.1,8,25.0,8,24.01,1.9006900000000002,Snaking_E1_4_E2_3_Fric_5_load_1.tif
1177,0.18,0.1,10,25.0,9,31.49,1.9849299999999999,Snaking_E1_4_E2_3_Fric_5_load_2.tif
1178,0.18,0.1,12,25.0,7,36.23,3.69564,Snaking_E1_4_E2_3_Fric_5_load_3.tif
1179,0.18,0.1,14,25.0,8,43.46,2.63574,Snaking_E1_4_E2_3_Fric_5_load_4.tif
1180,0.18,0.1,6,30.0,2,1.96,0.23371399999999998,Snaking_E1_4_E2_3_Fric_6_load_0.tif
1181,0.18,0.1,8,30.0,8,23.47,1.9509999999999998,Snaking_E1_4_E2_3_Fric_6_load_1.tif
1182,0.18,0.1,10,30.0,7,33.75,1.82595,Snaking_E1_4_E2_3_Fric_6_load_2.tif
1183,0.18,0.1,12,30.0,8,38.44,2.82627,Snaking_E1_4_E2_3_Fric_6_load_3.tif
1184,0.18,0.1,14,30.0,8,36.25,2.79213,Snaking_E1_4_E2_3_Fric_6_load_4.tif
1185,0.18,0.1,6,35.0,1,0.0,0.24462199999999998,Snaking_E1_4_E2_3_Fric_7_load_0.tif
1186,0.18,0.1,8,35.0,8,21.91,1.50338,Snaking_E1_4_E2_3_Fric_7_load_1.tif
1187,0.18,0.1,10,35.0,6,34.19,1.81195,Snaking_E1_4_E2_3_Fric_7_load_2.tif
1188,0.18,0.1,12,35.0,4,17.51,2.37151,Snaking_E1_4_E2_3_Fric_7_load_3.tif
1189,0.18,0.1,14,35.0,11,45.53,3.04795,Snaking_E1_4_E2_3_Fric_7_load_4.tif
1190,0.18,0.1,6,40.0,2,2.45,0.257156,Snaking_E1_4_E2_3_Fric_8_load_0.tif
1191,0.18,0.1,8,40.0,7,22.87,1.26785,Snaking_E1_4_E2_3_Fric_8_load_1.tif
1192,0.18,0.1,10,40.0,7,30.76,2.40561,Snaking_E1_4_E2_3_Fric_8_load_2.tif
1193,0.18,0.1,12,40.0,10,38.72,1.97202,Snaking_E1_4_E2_3_Fric_8_load_3.tif
1194,0.18,0.1,14,40.0,9,41.99,2.8324700000000003,Snaking_E1_4_E2_3_Fric_8_load_4.tif
1195,0.18,0.1,6,45.0,0,0.0,0.0,Snaking_E1_4_E2_3_Fric_9_load_0.tif
1196,0.18,0.1,8,45.0,9,25.91,1.57512,Snaking_E1_4_E2_3_Fric_9_load_1.tif
1197,0.18,0.1,10,45.0,7,35.32,2.52875,Snaking_E1_4_E2_3_Fric_9_load_2.tif
1198,0.18,0.1,12,45.0,10,39.98,2.06082,Snaking_E1_4_E2_3_Fric_9_load_3.tif
1199,0.18,0.1,14,45.0,6,46.18,4.68579,Snaking_E1_4_E2_3_Fric_9_load_4.tif
1200,0.18,0.15,6,0.01,0,0.0,0.0,Snaking_E1_4_E2_4_Fric_0_load_0.tif
1201,0.18,0.15,8,0.01,6,15.93,1.34581,Snaking_E1_4_E2_4_Fric_0_load_1.tif
1202,0.18,0.15,10,0.01,7,32.16,2.11686,Snaking_E1_4_E2_4_Fric_0_load_2.tif
1203,0.18,0.15,12,0.01,5,39.38,3.0714099999999998,Snaking_E1_4_E2_4_Fric_0_load_3.tif
1204,0.18,0.15,14,0.01,7,43.98,3.46273,Snaking_E1_4_E2_4_Fric_0_load_4.tif
1205,0.18,0.15,6,5.0,0,0.0,0.0,Snaking_E1_4_E2_4_Fric_1_load_0.tif
1206,0.18,0.15,8,5.0,5,11.93,0.9300719999999999,Snaking_E1_4_E2_4_Fric_1_load_1.tif
1207,0.18,0.15,10,5.0,10,34.05,2.25007,Snaking_E1_4_E2_4_Fric_1_load_2.tif
1208,0.18,0.15,12,5.0,8,40.2,3.3843300000000003,Snaking_E1_4_E2_4_Fric_1_load_3.tif
1209,0.18,0.15,14,5.0,6,42.46,3.0398400000000003,Snaking_E1_4_E2_4_Fric_1_load_4.tif
1210,0.18,0.15,6,10.0,0,0.0,0.0,Snaking_E1_4_E2_4_Fric_2_load_0.tif
1211,0.18,0.15,8,10.0,6,14.36,0.652071,Snaking_E1_4_E2_4_Fric_2_load_1.tif
1212,0.18,0.15,10,10.0,9,32.9,1.57481,Snaking_E1_4_E2_4_Fric_2_load_2.tif
1213,0.18,0.15,12,10.0,7,33.12,2.5822599999999998,Snaking_E1_4_E2_4_Fric_2_load_3.tif
1214,0.18,0.15,14,10.0,5,26.08,3.17865,Snaking_E1_4_E2_4_Fric_2_load_4.tif
1215,0.18,0.15,6,15.0,0,0.0,0.0,Snaking_E1_4_E2_4_Fric_3_load_0.tif
1216,0.18,0.15,8,15.0,6,15.9,1.2587700000000002,Snaking_E1_4_E2_4_Fric_3_load_1.tif
1217,0.18,0.15,10,15.0,7,32.15,2.40334,Snaking_E1_4_E2_4_Fric_3_load_2.tif
1218,0.18,0.15,12,15.0,7,40.71,2.34599,Snaking_E1_4_E2_4_Fric_3_load_3.tif
1219,0.18,0.15,14,15.0,5,26.63,3.24535,Snaking_E1_4_E2_4_Fric_3_load_4.tif
1220,0.18,0.15,6,20.0,0,0.0,0.0,Snaking_E1_4_E2_4_Fric_4_load_0.tif
1221,0.18,0.15,8,20.0,5,12.9,0.9281459999999999,Snaking_E1_4_E2_4_Fric_4_load_1.tif
1222,0.18,0.15,10,20.0,9,31.42,1.98501,Snaking_E1_4_E2_4_Fric_4_load_2.tif
1223,0.18,0.15,12,20.0,8,39.77,3.3129199999999996,Snaking_E1_4_E2_4_Fric_4_load_3.tif
1224,0.18,0.15,14,20.0,8,40.72,3.54532,Snaking_E1_4_E2_4_Fric_4_load_4.tif
1225,0.18,0.15,6,25.0,0,0.0,0.0,Snaking_E1_4_E2_4_Fric_5_load_0.tif
1226,0.18,0.15,8,25.0,6,14.4,0.831699,Snaking_E1_4_E2_4_Fric_5_load_1.tif
1227,0.18,0.15,10,25.0,6,28.61,2.4491,Snaking_E1_4_E2_4_Fric_5_load_2.tif
1228,0.18,0.15,12,25.0,8,40.21,2.21936,Snaking_E1_4_E2_4_Fric_5_load_3.tif
1229,0.18,0.15,14,25.0,4,17.99,2.94404,Snaking_E1_4_E2_4_Fric_5_load_4.tif
1230,0.18,0.15,6,30.0,0,0.0,0.0,Snaking_E1_4_E2_4_Fric_6_load_0.tif
1231,0.18,0.15,8,30.0,6,13.87,0.69991,Snaking_E1_4_E2_4_Fric_6_load_1.tif
1232,0.18,0.15,10,30.0,9,34.1,2.3849,Snaking_E1_4_E2_4_Fric_6_load_2.tif
1233,0.18,0.15,12,30.0,9,41.37,2.43035,Snaking_E1_4_E2_4_Fric_6_load_3.tif
1234,0.18,0.15,14,30.0,9,35.24,2.7690599999999996,Snaking_E1_4_E2_4_Fric_6_load_4.tif
1235,0.18,0.15,6,35.0,0,0.0,0.0,Snaking_E1_4_E2_4_Fric_7_load_0.tif
1236,0.18,0.15,8,35.0,6,15.37,0.853,Snaking_E1_4_E2_4_Fric_7_load_1.tif
1237,0.18,0.15,10,35.0,6,24.09,2.32971,Snaking_E1_4_E2_4_Fric_7_load_2.tif
1238,0.18,0.15,12,35.0,8,40.25,2.79638,Snaking_E1_4_E2_4_Fric_7_load_3.tif
1239,0.18,0.15,14,35.0,7,45.53,4.8349400000000005,Snaking_E1_4_E2_4_Fric_7_load_4.tif
1240,0.18,0.15,6,40.0,0,0.0,0.0,Snaking_E1_4_E2_4_Fric_8_load_0.tif
1241,0.18,0.15,8,40.0,6,14.38,0.6868310000000001,Snaking_E1_4_E2_4_Fric_8_load_1.tif
1242,0.18,0.15,10,40.0,9,31.6,2.19352,Snaking_E1_4_E2_4_Fric_8_load_2.tif
1243,0.18,0.15,12,40.0,9,40.09,2.47054,Snaking_E1_4_E2_4_Fric_8_load_3.tif
1244,0.18,0.15,14,40.0,8,41.39,3.68195,Snaking_E1_4_E2_4_Fric_8_load_4.tif
1245,0.18,0.15,6,45.0,0,0.0,0.0,Snaking_E1_4_E2_4_Fric_9_load_0.tif
1246,0.18,0.15,8,45.0,6,14.88,0.698715,Snaking_E1_4_E2_4_Fric_9_load_1.tif
1247,0.18,0.15,10,45.0,9,33.61,2.4972,Snaking_E1_4_E2_4_Fric_9_load_2.tif
1248,0.18,0.15,12,45.0,7,32.1,3.11496,Snaking_E1_4_E2_4_Fric_9_load_3.tif
1249,0.18,0.15,14,45.0,10,43.37,2.6352900000000004,Snaking_E1_4_E2_4_Fric_9_load_4.tif
